"Iteration","Mass Flow 1 Monitor: Mass Flow 1 Monitor (kg/s)"
1.0,6.13949676940872E-4
24.0,0.014424044548417572
47.0,0.02731289297100227
70.0,0.03942767214167778
93.0,0.05080565196628551
116.0,0.06144474629140472
139.0,0.07138221830792199
162.0,0.08067921848936563
185.0,0.08939924407173491
209.0,0.09794442855014568
232.0,0.10565363743380547
255.0,0.11293673620404442
278.0,0.11983021262160068
301.0,0.12636644684718523
324.0,0.13256709403231648
347.0,0.13841651552034911
370.0,0.14392433445327868
394.0,0.14932621443514854
417.0,0.15418873840904318
440.0,0.15876579508884656
463.0,0.16310821852585372
486.0,0.1672541937846127
509.0,0.17122555967525746
532.0,0.17504110429021125
555.0,0.1787172047325038
579.0,0.18241900120205795
602.0,0.18584891616218496
625.0,0.18917201257873828
648.0,0.19239495061569922
671.0,0.19552351419243347
694.0,0.19856289746999792
717.0,0.2015179108800118
740.0,0.20439307501535675
764.0,0.20731271533151482
787.0,0.21003760450393347
810.0,0.212694599746623
833.0,0.21528701598132094
856.0,0.2178179289936013
879.0,0.2202901825622524
902.0,0.22270643120180778
925.0,0.22506915625937934
949.0,0.22748004872117833
972.0,0.22974045923510417
995.0,0.23195398693467706
1018.0,0.23412255586613873
1041.0,0.236247984032041
1064.0,0.23833199480352107
1087.0,0.24037620688230826
1110.0,0.2423821710009156
1134.0,0.24443617010728422
1157.0,0.24636850678171152
1180.0,0.2482669172257763
1203.0,0.250132715926334
1226.0,0.25196718861925793
1249.0,0.25377156822642744
1272.0,0.2555470323588327
1295.0,0.2572946973418071
1319.0,0.2590898605998462
1342.0,0.2607839719938034
1365.0,0.26245336096435656
1388.0,0.26409894169030834
1411.0,0.2657215823643071
1434.0,0.2673221074836763
1457.0,0.26890130410245294
1480.0,0.27045991833710137
1504.0,0.27206511756908736
1527.0,0.2735838215179235
1550.0,0.27508397453124345
1573.0,0.2765661734255088
1596.0,0.278030984650352
1619.0,0.2794789346624423
1642.0,0.2809105164620166
1665.0,0.2823261927571791
1689.0,0.2837869348927168
1712.0,0.28517143650932275
1735.0,0.2865412713667349
1758.0,0.2878967918868502
1781.0,0.2892383233861172
1804.0,0.2905661655584073
1827.0,0.2918805971383991
1850.0,0.2931818756806873
1873.0,0.294470241633282
1897.0,0.29580109699860135
1920.0,0.297063745594064
1943.0,0.29831409693025746
1966.0,0.2995523185922361
1989.0,0.30077856381643797
2012.0,0.3019929677515143
2035.0,0.3031956539055554
2058.0,0.30438672704556097
2082.0,0.30561730756738853
2105.0,0.30678492911010846
2128.0,0.3079411845208327
2151.0,0.309086130806399
2174.0,0.3102198143981799
2197.0,0.3113422743069325
2220.0,0.3124535358805582
2243.0,0.31355361714173524
2267.0,0.31468961730000167
2290.0,0.31576686934692094
2313.0,0.3168329396246251
2336.0,0.31788781142758404
2359.0,0.3189314623793347
2382.0,0.3199638619134427
2405.0,0.32098497689336736
2428.0,0.32199476708233055
2452.0,0.3230363343808149
2475.0,0.32402282908544494
2498.0,0.3249978449608043
2521.0,0.3259613263611876
2544.0,0.32691322157152913
2567.0,0.3278534795818435
2590.0,0.3287820527185963
2613.0,0.32969889887703263
2637.0,0.3306430670058645
2660.0,0.331535849438226
2683.0,0.33241682680891127
2706.0,0.33328600134734654
2729.0,0.33414339164627027
2752.0,0.33498903401376556
2775.0,0.3358229892136547
2798.0,0.3366453347873012
2822.0,0.337491179799693
2845.0,0.33829016225272246
2868.0,0.3390779293160388
2891.0,0.33985465095682316
2914.0,0.3406205257500826
2937.0,0.3413757649966889
2960.0,0.34212059399586214
2983.0,0.34285526458084425
3007.0,0.34361131255873234
3030.0,0.34432600342459874
3053.0,0.34503132497031597
3076.0,0.34572753386042077
3099.0,0.3464149029505007
3122.0,0.3470936874414836
3145.0,0.3477641556047443
3168.0,0.34842655247951737
3192.0,0.34910941931281747
3215.0,0.34975609758692777
3238.0,0.35039543909446225
3261.0,0.35102767326464984
3284.0,0.3516530104486461
3307.0,0.35227166640622565
3330.0,0.35288383596250184
3353.0,0.3534897177146669
3377.0,0.35411543705862025
3400.0,0.3547090352534682
3423.0,0.3552968834950659
3446.0,0.35587914304192314
3469.0,0.3564559743693386
3492.0,0.3570275252226164
3515.0,0.3575939431041248
3538.0,0.3581553658639971
3562.0,0.3587360166882976
3585.0,0.35928764284751624
3608.0,0.35983466596133484
3631.0,0.3603772066593445
3654.0,0.3609153783587775
3677.0,0.36144929141136684
3700.0,0.36197905175663314
3723.0,0.3625047673000329
3746.0,0.3630265373370848
3770.0,0.3635668881547264
3793.0,0.3640808900351755
3816.0,0.3645912326243488
3839.0,0.3650980037264207
3862.0,0.36560128560390937
3885.0,0.3661011645206854
3908.0,0.3665977211330239
3931.0,0.36709103015437644
3955.0,0.36760241008368333
3978.0,0.36808932162344205
4001.0,0.3685732135013173
4024.0,0.3690541534021864
4047.0,0.3695322114738093
4070.0,0.37000745333740603
4093.0,0.3704799440728006
4116.0,0.3709497440012811
4140.0,0.3714371715192072
4163.0,0.371901669605728
4186.0,0.3723636586113088
4209.0,0.37282319837717626
4232.0,0.3732803446962866
4255.0,0.3737351491858062
4278.0,0.37418766789471425
4301.0,0.3746379501910757
4325.0,0.3751054803228998
4348.0,0.37555134825260067
4371.0,0.3759951288995643
4394.0,0.3764368718881147
4417.0,0.3768766200564704
4440.0,0.3773144187913854
4463.0,0.37775031105254425
4486.0,0.3781843374210572
4510.0,0.3786352919962853
4533.0,0.3790656366741266
4556.0,0.3794942395115186
4579.0,0.37992113699644875
4602.0,0.38034636718644516
4625.0,0.38076996465607527
4648.0,0.3811919643579079
4671.0,0.381612401401073
4695.0,0.3820494857897896
4718.0,0.3824668277808459
4741.0,0.38288270116045064
4764.0,0.38329713613440664
4787.0,0.38371016410543646
4810.0,0.3841218107101677
4833.0,0.38453210033146623
4856.0,0.3849410626495729
4880.0,0.3853664145495004
4903.0,0.3857727360553821
4926.0,0.38617779905204797
4949.0,0.38658162985151234
4972.0,0.3869842450384686
4995.0,0.3873856646144158
5018.0,0.3877859108107769
5041.0,0.3881850006469375
5065.0,0.3886002289402143
5088.0,0.38899700743629645
5111.0,0.38939268281753703
5134.0,0.3897872656251778
5157.0,0.3901807704189804
5180.0,0.3905732100414029
5203.0,0.39096459572593556
5226.0,0.3913549376093101
5250.0,0.3917611514894075
5273.0,0.39214939248148517
5296.0,0.39253661486635316
5319.0,0.3929228287604611
5342.0,0.39330804238980643
5365.0,0.39369225804287544
5388.0,0.3940754839336007
5411.0,0.3944577212778805
5435.0,0.3948555262967456
5458.0,0.39523575174719416
5481.0,0.3956149974588406
5504.0,0.3959932656814665
5527.0,0.39637055649069663
5550.0,0.3967468695806038
5573.0,0.3971222048095918
5596.0,0.39749655860389327
5619.0,0.39786993066184906
5643.0,0.3982584840186215
5666.0,0.3986298365389639
5689.0,0.39900019182375585
5712.0,0.39936954879904996
5735.0,0.39973790042123836
5758.0,0.40010523675468934
5781.0,0.40047155539244883
5804.0,0.4008368468331204
5828.0,0.4012169165352267
5851.0,0.4015800835486516
5874.0,0.4019422000511786
5897.0,0.40230325483104434
5920.0,0.4026632396382795
5943.0,0.40302214659779734
5966.0,0.4033799620179772
5989.0,0.4037366751892614
6013.0,0.4041077062684205
6036.0,0.40446213115808205
6059.0,0.4048154195365961
6082.0,0.4051675584748225
6105.0,0.40551853521932224
6128.0,0.4058683389706681
6151.0,0.4062169567793178
6174.0,0.4065643765808948
6198.0,0.40692560846581116
6221.0,0.40727053707561
6244.0,0.4076142273693052
6267.0,0.4079566662893682
6290.0,0.4082978390128309
6313.0,0.408637734827818
6336.0,0.40897633721052307
6359.0,0.4093136349069306
6383.0,0.409664192948787
6406.0,0.4099987834971613
6429.0,0.41033203039891364
6452.0,0.41066392139902663
6475.0,0.41099444290949205
6498.0,0.41132358165556737
6521.0,0.4116513245806155
6544.0,0.411977658683422
6568.0,0.4123166678195076
6591.0,0.41264009008903235
6614.0,0.4129620668941157
6637.0,0.4132825908824562
6660.0,0.4136016480506394
6683.0,0.41391922884009835
6706.0,0.41423532233452404
6729.0,0.4145499187180465
6753.0,0.41487658786394854
6776.0,0.41518809678807334
6799.0,0.41549808195293353
6822.0,0.41580653506873977
6845.0,0.4161134460098554
6868.0,0.416418807305358
6891.0,0.4167226136841976
6914.0,0.41702485726379546
6938.0,0.417338568878082
6961.0,0.41763760069989564
6984.0,0.41793505349393056
7007.0,0.41823092436248566
7030.0,0.4185252053711592
7053.0,0.4188178948252073
7076.0,0.4191089876602089
7099.0,0.41939848379471223
7123.0,0.41969885986816124
7146.0,0.4199850850381729
7169.0,0.42026970748755366
7192.0,0.4205527252915318
7215.0,0.42083413962230154
7238.0,0.4211139498433759
7261.0,0.4213921564958675
7284.0,0.42166876253042407
7308.0,0.42195568912641795
7331.0,0.42222902971488074
7354.0,0.42250077287274834
7377.0,0.422770923927631
7400.0,0.4230394854411019
7423.0,0.4233064611694012
7446.0,0.42357185752854787
7469.0,0.4238356770204153
7492.0,0.42409792427303583
7516.0,0.42436990236240185
7539.0,0.4246289535619944
7562.0,0.42488645065670166
7585.0,0.4251424012183834
7608.0,0.4253968130543492
7631.0,0.4256496922808405
7654.0,0.4259010434774822
7677.0,0.42615087441701793
7701.0,0.4264099584014396
7724.0,0.4266567140866092
7747.0,0.4269019788326516
7770.0,0.4271457605793774
7793.0,0.427388068929427
7816.0,0.427628909756186
7839.0,0.4278682922063072
7862.0,0.42810622756422667
7886.0,0.428352979510668
7909.0,0.4285879972413017
7932.0,0.42882160240838607
7955.0,0.4290538079547554
7978.0,0.4292846184137541
8001.0,0.4295140466427262
8024.0,0.4297420979753082
8047.0,0.42996877863069005
8071.0,0.4302038660546204
8094.0,0.430427784367324
8117.0,0.43065037171765674
8140.0,0.4308716398984535
8163.0,0.43109160144117253
8186.0,0.4313102687462763
8209.0,0.4315276522923313
8232.0,0.4317437636332203
8256.0,0.4319679275605425
8279.0,0.4321814726154214
8302.0,0.4323937779353543
8325.0,0.4326048538844797
8348.0,0.4328147126520829
8371.0,0.43302336494792726
8394.0,0.43323082264981416
8417.0,0.4334370963300144
8441.0,0.4336510882737076
8464.0,0.43385497957849944
8487.0,0.4340577198225716
8510.0,0.4342593237426008
8533.0,0.4344597998760249
8556.0,0.4346591593935488
8579.0,0.43485741363964575
8602.0,0.4350545736667307
8626.0,0.43525914974917473
8649.0,0.43545410547502683
8672.0,0.43564799843571533
8695.0,0.43584084024856595
8718.0,0.43603264210971704
8741.0,0.4362234112498599
8764.0,0.4364131610884818
8787.0,0.43660190075516353
8811.0,0.4367977799499417
8834.0,0.43698448726401995
8857.0,0.4371702137544473
8880.0,0.437354969089508
8903.0,0.43753876392995833
8926.0,0.437721608754606
8949.0,0.43790351148235274
8972.0,0.4380844818423423
8996.0,0.43827233638437024
9019.0,0.4384514300553347
9042.0,0.43862961860391303
9065.0,0.43880691243137643
9088.0,0.43898331868286267
9111.0,0.43915884656593174
9134.0,0.4393335046794905
9157.0,0.43950730162111207
9180.0,0.43968024459680466
9204.0,0.43985980573059835
9227.0,0.440031032449233
9250.0,0.4402014292963589
9273.0,0.440371005313906
9296.0,0.44053976957913515
9319.0,0.44070772779932943
9342.0,0.4408748883141612
9365.0,0.4410412559994411
9389.0,0.44121402442302754
9412.0,0.44137880099377225
9435.0,0.4415428066313438
9458.0,0.4417060520672782
9481.0,0.4418685383827953
9504.0,0.4420302774063263
9527.0,0.4421912711154231
9550.0,0.4423515305564806
9574.0,0.4425179787677647
9597.0,0.442676751641546
9620.0,0.4428348090166891
9643.0,0.4429921517716795
9666.0,0.44314879305273447
9689.0,0.4433047309478938
9712.0,0.44345997214458566
9735.0,0.44361452632604176
9759.0,0.44377507054021054
9782.0,0.44392823155654637
9805.0,0.44408071580432473
9828.0,0.4442325342703541
9851.0,0.44438369041518355
9874.0,0.44453418305092873
9897.0,0.44468402371013144
9920.0,0.44483321685922694
9944.0,0.44498820440465625
9967.0,0.44513608233573404
9990.0,0.44528331952900374
10013.0,0.44542992504097156
10036.0,0.44557590649805423
10059.0,0.44572125612895197
10082.0,0.4458659898604106
10105.0,0.446010102148216
10129.0,0.44615982562891104
10152.0,0.44630269116192056
10175.0,0.44644494881182784
10198.0,0.4465866043432843
10221.0,0.4467276592404045
10244.0,0.44686811488301736
10267.0,0.44700797896784555
10290.0,0.44714724947047546
10314.0,0.4472919503810807
10337.0,0.44743002457530723
10360.0,0.4475675166135699
10383.0,0.44770443018089356
10406.0,0.44784076922680727
10429.0,0.44797654217300414
10452.0,0.44811175067692527
10475.0,0.44824639018034695
10499.0,0.44838627338816706
10522.0,0.44851974987497023
10545.0,0.44865266352226896
10568.0,0.448785017918099
10591.0,0.4489168171264578
10614.0,0.4490480625834369
10637.0,0.4491787559418677
10660.0,0.44930889834525667
10684.0,0.4494441117082679
10707.0,0.4495731345424312
10730.0,0.4497016126926129
10753.0,0.4498295495683369
10776.0,0.44995694426731214
10799.0,0.4500838001203462
10822.0,0.4502101190356328
10845.0,0.4503359010350597
10869.0,0.4504665829487703
10892.0,0.4505912758567777
10915.0,0.45071543837301553
10938.0,0.4508390735987896
10961.0,0.45096217962697654
10984.0,0.4510847617736402
11007.0,0.45120681613328406
11030.0,0.4513283506631244
11053.0,0.45144936199449337
11077.0,0.4515750820721842
11100.0,0.4516950326855165
11123.0,0.4518144665783546
11146.0,0.4519333869682239
11169.0,0.4520517904024887
11192.0,0.45216968367763744
11215.0,0.45228706291763443
11238.0,0.45240393405667495
11262.0,0.45252534368203406
11285.0,0.452641176890225
11308.0,0.45275650159968023
11331.0,0.45287132518837103
11354.0,0.45298564381490836
11377.0,0.4530994608583422
11400.0,0.453212776375688
11423.0,0.45332559437349224
11447.0,0.45344278451176934
11470.0,0.453554586524648
11493.0,0.45366588974397065
11516.0,0.45377670368453804
11539.0,0.45388702139854575
11562.0,0.45399685015114916
11585.0,0.4541061869149779
11608.0,0.4542150355864611
11632.0,0.4543280971239718
11655.0,0.45443595051322805
11678.0,0.4545433207808057
11701.0,0.4546502066725745
11724.0,0.45475661163555764
11747.0,0.45486253492701534
11770.0,0.4549679809008903
11793.0,0.4550729481782887
11817.0,0.4551819735380016
11840.0,0.45528597133709303
11863.0,0.4553894945215349
11886.0,0.4554925474363575
11909.0,0.45559512875630487
11932.0,0.4556972438636582
11955.0,0.4557988919731524
11978.0,0.4559000744500653
12002.0,0.4560051611280347
12025.0,0.4561053951349384
12048.0,0.4562051678441046
12071.0,0.45630448039609506
12094.0,0.4564033362183325
12117.0,0.45650173408168704
12140.0,0.45659967677332114
12163.0,0.4566971660718865
12187.0,0.4567984076827334
12210.0,0.45689497296920567
12233.0,0.4569910883625594
12256.0,0.4570867548503552
12279.0,0.4571819759194039
12302.0,0.45727675201540197
12325.0,0.45737108612176813
12348.0,0.4574649781090398
12372.0,0.4575624849522561
12395.0,0.45765548172663895
12418.0,0.4577480421617894
12441.0,0.4578401682189868
12464.0,0.4579318622288712
12487.0,0.4580231258492629
12510.0,0.4581139580070003
12533.0,0.45820436274726595
12557.0,0.45829824612993997
12580.0,0.45838778275169434
12603.0,0.45847690038782835
12626.0,0.4585655959230298
12649.0,0.45865387332784263
12672.0,0.45874173578161664
12695.0,0.4588291818929661
12718.0,0.458916216973292
12742.0,0.4590065974332347
12765.0,0.4590927951392044
12788.0,0.45917858630336483
12811.0,0.45926397209246395
12834.0,0.45934895461970754
12857.0,0.4594335354313836
12880.0,0.45951771933090657
12903.0,0.45960150429765717
12926.0,0.45968489236352117
12950.0,0.4597714879472397
12973.0,0.4598540736602666
12996.0,0.45993627261543285
13019.0,0.460018080770104
13042.0,0.46009950328656873
13065.0,0.460180547266198
13088.0,0.46026120458172964
13111.0,0.46034148000852176
13135.0,0.46042484890493895
13158.0,0.46050435462534745
13181.0,0.46058348468937826
13204.0,0.46066224949073775
13227.0,0.46074063465156656
13250.0,0.46081865467015115
13273.0,0.4608963128165321
13296.0,0.4609735921406637
13320.0,0.4610538621102294
13343.0,0.46113040474925643
13366.0,0.46120659826599775
13389.0,0.4612824281922073
13412.0,0.4613579026718489
13435.0,0.4614330282267969
13458.0,0.46150779180693885
13481.0,0.4615822204187384
13505.0,0.46165949652414323
13528.0,0.4617332171705087
13551.0,0.4618065760292924
13574.0,0.461879606157051
13597.0,0.46195228575152836
13620.0,0.46202463065270377
13643.0,0.4620966365509022
13666.0,0.46216830555119504
13690.0,0.4622427453685385
13713.0,0.46231372757838113
13736.0,0.4623844044557097
13759.0,0.4624547227290833
13782.0,0.4625247430338729
13805.0,0.4625944141297598
13828.0,0.4626637799211185
13851.0,0.462732824186346
13875.0,0.4628045137275796
13898.0,0.4628729169098088
13921.0,0.4629409742487841
13944.0,0.4630087446246606
13967.0,0.4630761859783138
13990.0,0.46314331837532596
14013.0,0.4632101563987845
14036.0,0.46327665978421273
14060.0,0.46334576130514954
14083.0,0.46341165075627944
14106.0,0.46347724011841107
14129.0,0.463542550920945
14152.0,0.4636075272495921
14175.0,0.463672233202664
14198.0,0.46373664363891687
14221.0,0.4638007369416546
14245.0,0.4638673374116905
14268.0,0.4639308434240062
14291.0,0.4639940601034416
14314.0,0.46405701292413026
14337.0,0.4641196481108662
14360.0,0.464182014414056
14383.0,0.4642441075716034
14406.0,0.46430589190480026
14430.0,0.4643700885130657
14453.0,0.4644313240790826
14476.0,0.4644922626997302
14499.0,0.4645529522776718
14522.0,0.46461335724719666
14545.0,0.46467347358587296
14568.0,0.46473334540037875
14591.0,0.4647929369542653
14615.0,0.4648548160228071
14638.0,0.4649138710407847
14661.0,0.4649726516413771
14684.0,0.46503114475450613
14707.0,0.46508940447122815
14730.0,0.4651474025015711
14753.0,0.46520511154227046
14776.0,0.4652625856807604
14799.0,0.46531981357422814
14823.0,0.4653792214753645
14846.0,0.46543590546108937
14869.0,0.4654923609367087
14892.0,0.46554853753303294
14915.0,0.46560445152715646
14938.0,0.4656601482117973
14961.0,0.4657155918614414
14984.0,0.46577075595805334
15008.0,0.46582807988630176
15031.0,0.46588278294807733
15054.0,0.4659372150750185
15077.0,0.46599139794851324
15100.0,0.466045367459623
15123.0,0.46609909456572785
15146.0,0.46615255474299677
15169.0,0.46620579011350893
15193.0,0.46626110808533183
15216.0,0.4663138652059789
15239.0,0.466366372626645
15262.0,0.4664186654352072
15285.0,0.46647073874891415
15308.0,0.46652255663169884
15331.0,0.46657414216994564
15354.0,0.4666255170618955
15378.0,0.4666788855339553
15401.0,0.466729778650564
15424.0,0.46678044940845986
15447.0,0.46683091094787366
15470.0,0.4668811458909172
15493.0,0.4669311421809494
15516.0,0.4669809241807539
15539.0,0.4670304970315987
15563.0,0.46708198452952976
15586.0,0.4671310919907716
15609.0,0.46717999058922965
15632.0,0.4672286811805687
15655.0,0.4672771487940527
15678.0,0.46732539324954986
15701.0,0.4673734358670649
15724.0,0.46742126845036114
15748.0,0.467470946002459
15771.0,0.46751833318085256
15794.0,0.467565521436598
15817.0,0.4676125035002387
15840.0,0.46765926917071476
15863.0,0.4677058251869802
15886.0,0.46775218378221783
15909.0,0.4677983392136563
15933.0,0.46784627467354234
15956.0,0.46789200466633596
15979.0,0.46793753857956477
16002.0,0.4679828703244638
16025.0,0.4680279932391611
16048.0,0.46807291885632024
16071.0,0.46811765271847394
16094.0,0.46816218467706666
16118.0,0.4682084358973402
16141.0,0.4682525621759774
16164.0,0.46829650036767034
16187.0,0.4683402398710941
16210.0,0.468383778018466
16233.0,0.4684271298375089
16256.0,0.46847029329180834
16279.0,0.4685132596123416
16303.0,0.4685578874524618
16326.0,0.4686004685746323
16349.0,0.46864286284609746
16372.0,0.4686850612139791
16395.0,0.46872707167965966
16418.0,0.46876890221407663
16441.0,0.468810548701406
16464.0,0.4688520030215303
16487.0,0.4688932728326912
16511.0,0.46893614815405815
16534.0,0.46897705095228154
16557.0,0.46901776444276166
16580.0,0.4690582983918986
16603.0,0.46909865955863084
16626.0,0.4691388377207894
16649.0,0.46917883100960156
16672.0,0.46921864877263475
16696.0,0.469260014971621
16719.0,0.46929947369363717
16742.0,0.46933875146603365
16765.0,0.4693778589614884
16788.0,0.46941679668145314
16811.0,0.4694555566017407
16834.0,0.4694941376925076
16857.0,0.469532551530623
16881.0,0.4695724606258725
16904.0,0.469610526878653
16927.0,0.46964841757769643
16950.0,0.46968614342796294
16973.0,0.4697237071306565
16996.0,0.46976109727099424
17019.0,0.46979831590299853
17042.0,0.4698353756235194
17066.0,0.46987387454763224
17089.0,0.4699105954445968
17112.0,0.4699471464786459
17135.0,0.46998354059447445
17158.0,0.4700197768940788
17181.0,0.4700558455321945
17204.0,0.4700917467065386
17227.0,0.47012749365291134
17251.0,0.47016463072701353
17274.0,0.47020005422776057
17297.0,0.47023531061835777
17320.0,0.47027041303434186
17343.0,0.47030536650412536
17366.0,0.47034016222176755
17389.0,0.4703747923927747
17412.0,0.47040927020637235
17436.0,0.47044509114415756
17459.0,0.47047926277343544
17482.0,0.4705132733517792
17505.0,0.4705471271868137
17528.0,0.47058083988429755
17551.0,0.4706144072940006
17574.0,0.4706478157958291
17597.0,0.4706810664040733
17621.0,0.4707156103597522
17644.0,0.47074857310551876
17667.0,0.4707813854995532
17690.0,0.4708140393366791
17713.0,0.47084654553018657
17736.0,0.47087891845587554
17759.0,0.4709111509058681
17782.0,0.47094322940352573
17806.0,0.4709765396192694
17829.0,0.47100832250441027
17852.0,0.471039972967514
17875.0,0.47107148403111887
17898.0,0.471102839342865
17921.0,0.47113404934261116
17944.0,0.471165129929985
17967.0,0.4711960804477889
17991.0,0.4712282259519277
18014.0,0.47125887621981655
18037.0,0.47128938665822506
18060.0,0.47131977321406904
18083.0,0.4713500321007764
18106.0,0.47138015228047336
18129.0,0.4714101205182908
18152.0,0.47143995101281755
18176.0,0.47147095121390514
18199.0,0.47150053415189175
18222.0,0.4715299815207422
18245.0,0.4715592792432333
18268.0,0.4715884395906171
18291.0,0.47161748375545787
18314.0,0.4716464093377074
18337.0,0.47167520519501793
18360.0,0.47170385760393757
18384.0,0.47173360680250376
18407.0,0.4717619943213238
18430.0,0.4717902697869366
18453.0,0.47181842462787416
18476.0,0.4718464449189573
18499.0,0.4718743217443683
18522.0,0.4719020721420108
18545.0,0.471929712921086
18569.0,0.4719584365953259
18592.0,0.47198584095527213
18615.0,0.4720131027093619
18638.0,0.47204023022414454
18661.0,0.47206724155889634
18684.0,0.47209414778702574
18707.0,0.4721209447086443
18730.0,0.47214761899018887
18754.0,0.4721753063045704
18777.0,0.4722017074756429
18800.0,0.47222799720760317
18823.0,0.4722541850842823
18846.0,0.4722802664679092
18869.0,0.47230622975246495
18892.0,0.472332056796847
18915.0,0.4723577565069063
18939.0,0.47238445703437776
18962.0,0.4724099445150259
18985.0,0.47243532933835497
19008.0,0.4724606032380443
19031.0,0.4724857489083143
19054.0,0.4725107662138538
19077.0,0.4725356665860988
19100.0,0.4725604719792066
19124.0,0.47258625290309997
19147.0,0.47261085564595295
19170.0,0.4726353403209465
19193.0,0.47265969566850957
19216.0,0.47268393166877176
19239.0,0.47270806403603416
19262.0,0.4727321087660996
19285.0,0.47275605540658877
19309.0,0.4727809351337327
19332.0,0.47280465761898505
19355.0,0.47282825627239056
19378.0,0.4728517425624671
19401.0,0.4728751309345617
19424.0,0.47289843079597793
19447.0,0.47292163729265513
19470.0,0.4729447462145598
19494.0,0.4729687389571572
19517.0,0.47299160838825743
19540.0,0.4730143669254635
19563.0,0.473037028296958
19586.0,0.47305960401878655
19609.0,0.4730820916561195
19632.0,0.47310448540364225
19655.0,0.47312677546670406
19679.0,0.4731499086705
19702.0,0.4731719650374338
19725.0,0.47319392212827804
19748.0,0.4732157955928984
19771.0,0.47323758622018297
19794.0,0.473259286293971
19817.0,0.47328089270325535
19840.0,0.4733023922355557
19864.0,0.47332470703574425
19887.0,0.4733459836379339
19910.0,0.4733671696424686
19933.0,0.47338827684436147
19956.0,0.47340930293892863
19979.0,0.4734302412616721
20002.0,0.47345108814276077
20025.0,0.47347182911877794
20049.0,0.4734933568340237
20072.0,0.47351388772233816
20095.0,0.47353432950673313
20118.0,0.4735546947596013
20141.0,0.4735749818181664
20164.0,0.4735951850331662
20187.0,0.4736153002553546
20210.0,0.4736353159342829
20233.0,0.4736552265070974
20257.0,0.4736759000856192
20280.0,0.4736956225595642
20303.0,0.47371526713219414
20326.0,0.47373483797414534
20349.0,0.4737543308100215
20372.0,0.4737737405929829
20395.0,0.4737930605336235
20418.0,0.47381227895760136
20442.0,0.47383223048394374
20465.0,0.47385125818078067
20488.0,0.47387020682484576
20511.0,0.47388908347839265
20534.0,0.4739078865396965
20557.0,0.47392661479990783
20580.0,0.4739452596688559
20603.0,0.47396381723298503
20627.0,0.47398307711310966
20650.0,0.4740014428336956
20673.0,0.4740197213850297
20696.0,0.4740379244827937
20719.0,0.4740560594722975
20742.0,0.474074124552115
20765.0,0.4740921152407441
20788.0,0.474110027565009
20812.0,0.47412862971788994
20835.0,0.47414635932714816
20858.0,0.47416400133169917
20881.0,0.4741815612911959
20904.0,0.4741990461176818
20927.0,0.4742164645670789
20950.0,0.47423381619742455
20973.0,0.47425109826344547
20997.0,0.47426905455686175
21020.0,0.4742861813131797
21043.0,0.4743032225996109
21066.0,0.47432017574224444
21089.0,0.4743370444733773
21112.0,0.474353837395564
21135.0,0.47437056342534156
21158.0,0.4743872267651199
21182.0,0.4744045447054937
21205.0,0.4744210736528531
21228.0,0.4744375302181574
21251.0,0.4744539102947871
21274.0,0.4744702054808303
21297.0,0.4744864167382098
21320.0,0.47450254986571405
21343.0,0.47451861088090364
21367.0,0.4745353022419353
21390.0,0.47455123790455844
21413.0,0.47456711113193895
21436.0,0.47458291912409667
21459.0,0.4745986590261247
21482.0,0.4746143261665154
21505.0,0.4746299138207578
21528.0,0.474645419425412
21552.0,0.47466151866863937
21575.0,0.4746768745595016
21598.0,0.47469216759558974
21621.0,0.4747074036391332
21644.0,0.4747225825741622
21667.0,0.4747377003545922
21690.0,0.4747527547611173
21713.0,0.47476774408829425
21737.0,0.4747833067640148
21760.0,0.474798141630306
21783.0,0.4748129003985861
21806.0,0.47482758626746935
21829.0,0.4748422060261087
21852.0,0.4748567703369755
21875.0,0.47487127955586356
21898.0,0.4748857330860634
21922.0,0.4749007553822928
21945.0,0.4749150883542992
21968.0,0.4749293580301054
21991.0,0.47494355953691536
22014.0,0.47495768518404174
22037.0,0.4749717355155164
22060.0,0.47498571798969114
22083.0,0.474999635958704
22106.0,0.47501350002677434
22130.0,0.47502791251019194
22153.0,0.47504167048326906
22176.0,0.4750553743751046
22199.0,0.4750690223326111
22222.0,0.4750826117714944
22245.0,0.4750961389994562
22268.0,0.4751095974724194
22291.0,0.47512298155695154
22315.0,0.47513687363192414
22338.0,0.47515012402613777
22361.0,0.47516331340089024
22384.0,0.4751764527687245
22407.0,0.47518954354202947
22430.0,0.4752025867330657
22453.0,0.4752155795621304
22476.0,0.4752285197938269
22500.0,0.47524196396027424
22523.0,0.47525478496360757
22546.0,0.4752675434900502
22569.0,0.4752802304895991
22592.0,0.47529285117513387
22615.0,0.47530541109436963
22638.0,0.47531791067425644
22661.0,0.47533036112589855
22685.0,0.4753433029121782
22708.0,0.47535566054324885
22731.0,0.4753679728228608
22754.0,0.47538023671110585
22777.0,0.47539244980020046
22800.0,0.475404608791965
22823.0,0.4754167098461476
22846.0,0.4754287508161056
22870.0,0.4754412424658676
22893.0,0.47545314821792145
22916.0,0.4754649945966997
22939.0,0.4754767857441445
22962.0,0.4754885271200825
22985.0,0.4755002269125096
23008.0,0.4755118853996477
23031.0,0.47552350262261256
23055.0,0.47553557780027755
23078.0,0.47554710214728046
23101.0,0.47555857718071237
23124.0,0.47557000061109356
23147.0,0.47558137018043894
23170.0,0.4755926781552199
23193.0,0.47560392031629206
23216.0,0.4756151050764172
23240.0,0.4756267173442158
23263.0,0.4756377913189199
23286.0,0.47564881847414997
23309.0,0.4756598064646579
23332.0,0.47567075612455645
23355.0,0.4756816666658238
23378.0,0.4756925387288078
23401.0,0.47570336674265146
23425.0,0.4757146185150981
23448.0,0.47572535349952927
23471.0,0.47573603933456166
23494.0,0.47574666996974124
23517.0,0.4757572402750788
23540.0,0.4757677486166513
23563.0,0.47577820249403047
23586.0,0.4757886060009735
23610.0,0.4757994088840113
23633.0,0.47580971847968057
23656.0,0.4758199919791954
23679.0,0.47583023104751104
23702.0,0.4758404333318026
23725.0,0.4758506003571723
23748.0,0.47586072951335223
23771.0,0.4758708171461261
23794.0,0.4758808644745325
23818.0,0.4758912981986859
23841.0,0.4759012489437888
23864.0,0.4759111425758485
23887.0,0.4759209803679306
23910.0,0.4759307604289057
23933.0,0.475940491110336
23956.0,0.4759501738590047
23979.0,0.4759598082992804
24003.0,0.47596982020737
24026.0,0.4759793817433471
24049.0,0.4759889110790658
24072.0,0.4759984089182086
24095.0,0.47600787133422073
24118.0,0.4760173003120701
24141.0,0.47602669488478533
24164.0,0.47603604903779784
24188.0,0.47604576893857653
24211.0,0.47605504032241847
24234.0,0.47606426600582197
24257.0,0.47607344116716316
24280.0,0.47608256205112887
24303.0,0.4760916283541249
24326.0,0.47610064640158595
24349.0,0.47610961942161695
24373.0,0.47611893542663086
24396.0,0.47612782368299045
24419.0,0.4761366785988445
24442.0,0.47614550425385227
24465.0,0.47615430145375887
24488.0,0.47616306897666605
24511.0,0.4761718051307403
24534.0,0.4761805116279061
24558.0,0.4761895593001091
24581.0,0.47619819336830727
24604.0,0.4762067917782268
24627.0,0.4762153525647265
24650.0,0.47622387277610384
24673.0,0.4762323453436682
24696.0,0.4762407702216571
24719.0,0.47624914162916454
24743.0,0.47625782723589605
24766.0,0.4762661065007734
24789.0,0.47627434386739487
24812.0,0.47628253979386953
24835.0,0.4762907001186703
24858.0,0.4762988298348929
24881.0,0.47630693603579055
24904.0,0.4763150155389655
24928.0,0.4763234181286673
24951.0,0.47633144342412337
24974.0,0.47633944132822115
24997.0,0.47634740882536375
25020.0,0.4763553449187923
25043.0,0.47636324933558394
25066.0,0.47637112134136783
25089.0,0.4763789556051556
25113.0,0.47638709237300925
25136.0,0.4763948454024318
25159.0,0.4764025489935495
25182.0,0.47641020396843986
25205.0,0.4764178169876693
25228.0,0.4764253887478205
25251.0,0.4764329196194703
25274.0,0.4764404143172296
25298.0,0.4764481973048788
25321.0,0.47645562260591645
25344.0,0.4764630236483665
25367.0,0.47647040161623033
25390.0,0.47647775582579366
25413.0,0.47648508787858845
25436.0,0.47649239467437926
25459.0,0.47649967692149187
25483.0,0.4765072485147157
25506.0,0.4765144767797046
25529.0,0.4765216774652038
25552.0,0.4765288475573636
25575.0,0.4765359879004835
25598.0,0.4765430960637854
25621.0,0.4765501697294826
25644.0,0.47655720372233645
25667.0,0.47656419717756
25691.0,0.4765714456199538
25714.0,0.47657834683114764
25737.0,0.47658521028611756
25760.0,0.4765920366730084
25783.0,0.4765988260117795
25806.0,0.4766055831048246
25829.0,0.47661230670535737
25852.0,0.4766190056049145
25876.0,0.47662597226822295
25899.0,0.47663262701497233
25922.0,0.47663926352073094
25945.0,0.47664587837313177
25968.0,0.4766524727761179
25991.0,0.47665904557283967
26014.0,0.4766655962222817
26037.0,0.47667212338051335
26061.0,0.4766789083879098
26084.0,0.47668538595100607
26107.0,0.4766918349556299
26130.0,0.47669825810524885
26153.0,0.4767046520482793
26176.0,0.4767110137894543
26199.0,0.4767173444134566
26222.0,0.47672363703062004
26246.0,0.47673016076657837
26269.0,0.4767363688200006
26292.0,0.4767425378233574
26315.0,0.4767486708656413
26338.0,0.47675477121244103
26361.0,0.4767608403229876
26384.0,0.47676687718838884
26407.0,0.47677288527503836
26431.0,0.4767791277689961
26454.0,0.47678508999128777
26477.0,0.4767910322838747
26500.0,0.4767969576803294
26523.0,0.47680286668616567
26546.0,0.4768087587936041
26569.0,0.4768146315710555
26592.0,0.4768204875431591
26616.0,0.4768265748411654
26639.0,0.47683238877116896
26662.0,0.4768381837688949
26685.0,0.47684395672649427
26708.0,0.47684970891879486
26731.0,0.476855436176195
26754.0,0.4768611384309731
26777.0,0.4768668152881229
26801.0,0.47687270922701075
26824.0,0.476878329689037
26847.0,0.47688392032435933
26870.0,0.47688947360567957
26893.0,0.4768949884372854
26916.0,0.476900467041501
26939.0,0.4769059103006111
26962.0,0.4769113197832541
26986.0,0.4769169345521791
27009.0,0.47692228333384934
27032.0,0.4769276038479804
27055.0,0.4769328980396206
27078.0,0.47693816976839387
27101.0,0.47694342113792026
27124.0,0.4769486570777117
27147.0,0.4769538765727784
27171.0,0.47695930769695105
27194.0,0.4769644978081451
27217.0,0.47696967378408484
27240.0,0.4769748356609057
27263.0,0.4769799802877728
27286.0,0.4769851089457582
27309.0,0.47699022199632557
27332.0,0.47699531761041825
27356.0,0.4770006154761044
27379.0,0.47700567303039365
27402.0,0.47701071167361536
27425.0,0.4770157294552919
27448.0,0.47702072891310265
27471.0,0.47702570458955396
27494.0,0.4770306584244791
27517.0,0.4770355884159222
27540.0,0.4770404929519593
27564.0,0.47704558127493685
27587.0,0.4770504270094422
27610.0,0.4770552395317132
27633.0,0.47706001624269134
27656.0,0.4770647603377435
27679.0,0.4770694723241617
27702.0,0.4770741548314732
27725.0,0.4770788092904746
27749.0,0.47708363818933097
27772.0,0.4770882401309476
27795.0,0.47709281891699334
27818.0,0.4770973767756309
27841.0,0.47710191445316485
27864.0,0.47710643700936567
27887.0,0.4771109449276981
27910.0,0.47711544172612785
27934.0,0.4771201229079182
27957.0,0.4771245963914744
27980.0,0.4771290573047782
28003.0,0.47713350782824193
28026.0,0.47713794562000356
28049.0,0.4771423705009953
28072.0,0.4771467837814025
28095.0,0.4771511842913743
28119.0,0.4771557609386904
28142.0,0.4771601320322873
28165.0,0.4771644884049383
28188.0,0.4771688296396722
28211.0,0.4771731559238128
28234.0,0.477177464405898
28257.0,0.4771817554759251
28280.0,0.47718602947122885
28304.0,0.47719046787345454
28327.0,0.4771947015057282
28350.0,0.4771989159529907
28373.0,0.4772031064974746
28396.0,0.47720727558975606
28419.0,0.47721141851486587
28442.0,0.477215531968885
28465.0,0.477219616849332
28489.0,0.47722384347371705
28512.0,0.4772278635952265
28535.0,0.4772318561386315
28558.0,0.47723582143729504
28581.0,0.47723976113791344
28604.0,0.4772436791666427
28627.0,0.47724757330741024
28650.0,0.47725144516067575
28674.0,0.4772554609430587
28697.0,0.47725929007119927
28720.0,0.47726310241896497
28743.0,0.4772669003620267
28766.0,0.47727068746385526
28789.0,0.47727446548926916
28812.0,0.4772782355069966
28835.0,0.4772819952272196
28859.0,0.47728590951233835
28882.0,0.47728965281378916
28905.0,0.4772933874492956
28928.0,0.47729711170368494
28951.0,0.4773008278463226
28974.0,0.4773045341482234
28997.0,0.47730823001800776
29020.0,0.47731191561556097
29044.0,0.47731575021374
29067.0,0.4773194139705721
29090.0,0.4773230659149888
29113.0,0.4773267069368833
29136.0,0.47733033524758073
29159.0,0.477333951771831
29182.0,0.47733755628168084
29205.0,0.47734114667989375
29229.0,0.47734487621466765
29252.0,0.47734843621621276
29275.0,0.47735198199668744
29298.0,0.47735551207125104
29321.0,0.4773590259900333
29344.0,0.47736252332968854
29367.0,0.4773660014666352
29390.0,0.4773694600678783
29413.0,0.47737289792504684
29437.0,0.47737646050657934
29460.0,0.47737985082819834
29483.0,0.47738321170690945
29506.0,0.47738654703454886
29529.0,0.4773898552590061
29552.0,0.4773931393569312
29575.0,0.4773963949811743
29598.0,0.47739962939951264
29622.0,0.4774029826415146
29645.0,0.4774061748899422
29668.0,0.4774093480882073
29691.0,0.4774124976204426
29714.0,0.47741563044023405
29737.0,0.47741874507546783
29760.0,0.47742184305086693
29783.0,0.47742492682892657
29807.0,0.4774281332606207
29830.0,0.47743119603905315
29853.0,0.4774342502823249
29876.0,0.47743729710004656
29899.0,0.4774403388008903
29922.0,0.4774433729974775
29945.0,0.4774464017179847
29968.0,0.47744942574085003
29992.0,0.47745257388345175
30015.0,0.4774555827243405
30038.0,0.47745858826078064
30061.0,0.4774615855001533
30084.0,0.4774645744724627
30107.0,0.4774675586691858
30130.0,0.47747053518028754
30153.0,0.47747350499455476
30177.0,0.47747659443126267
30200.0,0.47747954965891637
30223.0,0.47748249643526053
30246.0,0.47748543456108405
30269.0,0.4774883628733151
30292.0,0.47749128427770393
30315.0,0.4774941975991363
30338.0,0.4774971010111288
30362.0,0.4775001185847325
30385.0,0.4775030018329388
30408.0,0.477505873340176
30431.0,0.4775087373889613
30454.0,0.4775115879235975
30477.0,0.4775144281694895
30500.0,0.47751725589872385
30523.0,0.47752007225773463
30547.0,0.4775229966650111
30570.0,0.4775257856995015
30593.0,0.4775285596099119
30616.0,0.4775313201086425
30639.0,0.4775340646494981
30662.0,0.47753679073254457
30685.0,0.4775394996852644
30708.0,0.4775421888768425
30732.0,0.477544972841031
30755.0,0.47754761706243365
30778.0,0.4775502396150174
30801.0,0.47755284087145516
30824.0,0.47755541708390475
30847.0,0.47755797104646097
30870.0,0.47756050254091703
30893.0,0.47756301499540793
30917.0,0.4775656162804922
30940.0,0.4775680919521834
30963.0,0.47757054904573554
30986.0,0.47757298648351465
31009.0,0.47757540371028406
31032.0,0.47757780478616585
31055.0,0.4775801862669209
31078.0,0.4775825536508975
31102.0,0.47758501196543407
31125.0,0.47758735180987105
31148.0,0.47758968470942026
31171.0,0.4775920079489593
31194.0,0.4775943262811624
31217.0,0.477596638441403
31240.0,0.4775989471379901
31263.0,0.47760125082220345
31286.0,0.47760355046253367
31310.0,0.47760594679680257
31333.0,0.4776082385268911
31356.0,0.4776105265661773
31379.0,0.477612812537444
31402.0,0.4776150950563428
31425.0,0.4776173717982002
31448.0,0.47761964493953235
31471.0,0.4776219140675329
31495.0,0.47762427946328134
31518.0,0.477626541756766
31541.0,0.4776287992843845
31564.0,0.4776310523315684
31587.0,0.47763330228056355
31610.0,0.47763554631991934
31633.0,0.4776377861456186
31656.0,0.4776400210377017
31680.0,0.4776423489915458
31703.0,0.4776445734183393
31726.0,0.47764679483736905
31749.0,0.47764900951750067
31772.0,0.47765121890470064
31795.0,0.47765342309780445
31818.0,0.4776556214973
31841.0,0.47765781375032945
31865.0,0.4776600944274101
31888.0,0.47766227458441246
31911.0,0.4776644453208426
31934.0,0.4776666126428804
31957.0,0.4776687725355122
31980.0,0.47767092596138894
32003.0,0.47767307222967337
32026.0,0.4776752108543632
32050.0,0.4776774335908274
32073.0,0.4776795564173419
32096.0,0.47768166955296976
32119.0,0.4776837750931755
32142.0,0.4776858712660599
32165.0,0.47768795691492505
32188.0,0.47769003324152787
32211.0,0.4776921029921877
32235.0,0.4776942488125475
32258.0,0.47769629626215193
32281.0,0.4776983313820367
32304.0,0.4777003529835746
32327.0,0.4777023622244166
32350.0,0.4777043594561672
32373.0,0.4777063438804426
32396.0,0.47770831342937725
32420.0,0.47771035245187077
32443.0,0.47771228763654877
32466.0,0.4777142046945257
32489.0,0.4777161028444862
32512.0,0.47771798384735853
32535.0,0.47771984628997605
32558.0,0.4777216900002501
32581.0,0.4777235203643615
32605.0,0.47772541180045003
32628.0,0.4777272070194818
32651.0,0.4777289884478686
32674.0,0.47773075322442027
32697.0,0.4777325002414081
32720.0,0.4777342317296673
32743.0,0.47773594415771004
32766.0,0.47773764092206766
32790.0,0.47773939471604054
32813.0,0.4777410569893843
32836.0,0.47774270529599916
32859.0,0.4777443355090444
32882.0,0.47774595367561934
32905.0,0.4777475608896423
32928.0,0.47774915765515374
32951.0,0.4777507447576512
32974.0,0.47775232526341327
32998.0,0.47775396725083713
33021.0,0.47775553735502824
33044.0,0.477757103884521
33067.0,0.47775866888380253
33090.0,0.47776023164280756
33113.0,0.47776179216955345
33136.0,0.4777633513269525
33159.0,0.4777649070616534
33183.0,0.47776652857583757
33206.0,0.4777680808503479
33229.0,0.47776963234262343
33252.0,0.47777118148260567
33275.0,0.47777272846151775
33298.0,0.47777427446713444
33321.0,0.4777758169687342
33344.0,0.47777735800360366
33368.0,0.4777789641671926
33391.0,0.47778050219272583
33414.0,0.4777820378336186
33437.0,0.477783570867594
33460.0,0.4777851016128276
33483.0,0.47778663100720237
33506.0,0.4777881579321227
33529.0,0.4777896820054969
33553.0,0.47779127059342696
33576.0,0.4777927909991162
33599.0,0.4777943095975367
33622.0,0.4777958242255379
33645.0,0.4777973365407926
33668.0,0.4777988475275777
33691.0,0.47780035680942123
33714.0,0.47780186178124573
33738.0,0.47780343031301153
33761.0,0.477804931108362
33784.0,0.47780643109725895
33807.0,0.47780792553227913
33830.0,0.47780941557289025
33853.0,0.4778109059782343
33876.0,0.4778123934363496
33899.0,0.47781387830909916
33923.0,0.47781542333543303
33946.0,0.47781690118320713
33969.0,0.477818376607969
33992.0,0.47781984818632584
34015.0,0.477821315232029
34038.0,0.47782278007999746
34061.0,0.477824241724376
34084.0,0.47782570250081324
34108.0,0.47782722245436415
34131.0,0.4778286734458542
34154.0,0.47783012278922565
34177.0,0.477831568171943
34200.0,0.47783300882030577
34223.0,0.47783444465852765
34246.0,0.47783587748063827
34269.0,0.47783730582486744
34293.0,0.47783879193457
34316.0,0.4778402117629378
34339.0,0.47784162986225653
34362.0,0.4778430431298847
34385.0,0.4778444503918507
34408.0,0.47784585369143623
34431.0,0.4778472543516318
34454.0,0.47784864892551326
34478.0,0.4778501011888229
34501.0,0.4778514872600884
34524.0,0.4778528661515976
34547.0,0.47785424148098554
34570.0,0.47785560959648843
34593.0,0.4778569727149067
34616.0,0.4778583299511651
34639.0,0.4778596801946554
34663.0,0.4778610843504455
34686.0,0.47786242260281525
34709.0,0.4778637538067466
34732.0,0.47786507915947063
34755.0,0.47786639662840075
34778.0,0.4778677078614322
34801.0,0.4778690090736304
34824.0,0.4778703034631201
34847.0,0.47787158728252876
34871.0,0.4778729183433865
34894.0,0.4778741873050194
34917.0,0.47787544638212165
34940.0,0.47787669265364463
34963.0,0.47787792958025155
34986.0,0.4778791548351455
35009.0,0.4778803668004067
35032.0,0.47788156629575385
35056.0,0.47788280398502353
35079.0,0.4778839758618565
35102.0,0.4778851367788579
35125.0,0.4778862875511362
35148.0,0.4778874247780822
35171.0,0.4778885513720757
35194.0,0.4778896695809306
35217.0,0.4778907793311443
35241.0,0.4778919281573407
35264.0,0.4778930172378023
35287.0,0.4778940953409857
35310.0,0.47789516368633034
35333.0,0.47789622370267587
35356.0,0.4778972720146957
35379.0,0.4778983110465907
35402.0,0.4778993361603434
35426.0,0.47790039214965163
35449.0,0.47790139206754445
35472.0,0.47790237873456753
35495.0,0.4779033549778421
35518.0,0.47790431577164255
35541.0,0.4779052639637553
35564.0,0.4779062008546766
35587.0,0.47790712523015244
35611.0,0.4779080766439417
35634.0,0.47790897169237706
35657.0,0.47790985873353636
35680.0,0.47791073165428105
35703.0,0.4779115951468418
35726.0,0.4779124472380256
35749.0,0.4779132892652441
35772.0,0.47791412439799413
35796.0,0.4779149880728206
35819.0,0.47791581258611465
35842.0,0.47791663229363057
35865.0,0.47791744961987026
35888.0,0.477918262875071
35911.0,0.477919072664006
35934.0,0.477919881233801
35957.0,0.4779206879712208
35981.0,0.47792152688081957
36004.0,0.4779223301243414
36027.0,0.4779231300658219
36050.0,0.4779239288093027
36073.0,0.4779247259698072
36096.0,0.4779255235381831
36119.0,0.47792632157053394
36142.0,0.4779271183560013
36166.0,0.47792794848565523
36189.0,0.4779287425352079
36212.0,0.47792953571101127
36235.0,0.47793032762040777
36258.0,0.47793111936825505
36281.0,0.4779319093893645
36304.0,0.47793269972022523
36327.0,0.4779334887829283
36351.0,0.47793431073210557
36374.0,0.4779350994396884
36397.0,0.4779358874838783
36420.0,0.47793667413217716
36443.0,0.47793746080155797
36466.0,0.47793824643336946
36489.0,0.4779390318546657
36512.0,0.4779398164155524
36536.0,0.4779406323445923
36559.0,0.4779414144094116
36582.0,0.47794219550739214
36605.0,0.4779429765948052
36628.0,0.47794375771518843
36651.0,0.47794453618846094
36674.0,0.4779453139671149
36697.0,0.47794609090122053
36720.0,0.4779468678312325
36744.0,0.47794767601530047
36767.0,0.4779484501911771
36790.0,0.4779492260677086
36813.0,0.4779500004823898
36836.0,0.47795077268431563
36859.0,0.4779515433963517
36882.0,0.47795231454190884
36905.0,0.47795308526360675
36929.0,0.4779538877575454
36952.0,0.47795465629726813
36975.0,0.47795542367303473
36998.0,0.47795618975644316
37021.0,0.47795695395004756
37044.0,0.4779577180048823
37067.0,0.4779584818164426
37090.0,0.4779592468697673
37114.0,0.47796004497190403
37137.0,0.4779608092937365
37160.0,0.47796157132929096
37183.0,0.47796233277488265
37206.0,0.4779630931442066
37229.0,0.47796385161695876
37252.0,0.47796461000693174
37275.0,0.4779653690043256
37299.0,0.47796615871756576
37322.0,0.4779669144262537
37345.0,0.477967669772544
37368.0,0.4779684234442139
37391.0,0.47796917715539766
37414.0,0.47796992997893073
37437.0,0.47797068299286233
37460.0,0.4779714362660046
37484.0,0.477972221062914
37507.0,0.4779729708300028
37530.0,0.47797371924556376
37553.0,0.47797446655904535
37576.0,0.4779752139501698
37599.0,0.4779759611332415
37622.0,0.4779767078326448
37645.0,0.4779774532615318
37669.0,0.47797822951296187
37692.0,0.4779789735979661
37715.0,0.4779797161383373
37738.0,0.477980456880648
37761.0,0.47798119595994293
37784.0,0.47798193460643146
37807.0,0.477982673646109
37830.0,0.47798341163809954
37854.0,0.47798418060073256
37877.0,0.47798491529179243
37900.0,0.47798564815281563
37923.0,0.4779863814323758
37946.0,0.47798711363284774
37969.0,0.4779878460504795
37992.0,0.4779885762142126
38015.0,0.47798930388136907
38039.0,0.47799006444711434
38062.0,0.4779907915288612
38085.0,0.4779915194381347
38108.0,0.4779922462288071
38131.0,0.4779929704678473
38154.0,0.47799369304307654
38177.0,0.47799441401573695
38200.0,0.47799513461690757
38224.0,0.4779958869977494
38247.0,0.47799660523671683
38270.0,0.4779973223909951
38293.0,0.4779980390859055
38316.0,0.47799875513648815
38339.0,0.4779994681798728
38362.0,0.4780001806414611
38385.0,0.4780008925308976
38409.0,0.4780016343217449
38432.0,0.47800234388526663
38455.0,0.4780030504023194
38478.0,0.4780037552944395
38501.0,0.4780044601169199
38524.0,0.4780051651870493
38547.0,0.47800586724758376
38570.0,0.4780065689321016
38593.0,0.4780072691608678
38617.0,0.4780080013421217
38640.0,0.4780086999446186
38663.0,0.4780093980608575
38686.0,0.47801009357455015
38709.0,0.47801078796667806
38732.0,0.4780114810851913
38755.0,0.47801217328281287
38778.0,0.4780128619571408
38802.0,0.47801357910773234
38825.0,0.4780142645100039
38848.0,0.47801494800961253
38871.0,0.47801563068816566
38894.0,0.4780163094167406
38917.0,0.4780169894974678
38940.0,0.4780176683706844
38963.0,0.47801834518376934
38987.0,0.47801905061412625
39010.0,0.4780197244568273
39033.0,0.47802039524886397
39056.0,0.47802106616775364
39079.0,0.47802173504028467
39102.0,0.47802240257342643
39125.0,0.4780230665830624
39148.0,0.4780237264661056
39172.0,0.4780244140145149
39195.0,0.47802507244591264
39218.0,0.47802572995042125
39241.0,0.47802638379942136
39264.0,0.4780270363562135
39287.0,0.4780276865974237
39310.0,0.478028334735073
39333.0,0.4780289795338579
39357.0,0.4780296499688037
39380.0,0.47803028972134143
39403.0,0.47803092840683514
39426.0,0.47803156449084716
39449.0,0.47803219799943264
39472.0,0.4780328301199817
39495.0,0.47803345800944597
39518.0,0.4780340856524201
39542.0,0.4780347354053568
39565.0,0.4780353542103758
39588.0,0.4780359707972887
39611.0,0.4780365834339394
39634.0,0.4780371947618431
39657.0,0.4780378025421632
39680.0,0.4780384080682287
39703.0,0.47803900899993157
39727.0,0.47803963051064
39750.0,0.47804022157888426
39773.0,0.47804081046993185
39796.0,0.47804139366463816
39819.0,0.4780419731632713
39842.0,0.47804255023036835
39865.0,0.47804312321956266
39888.0,0.4780436911785337
39912.0,0.4780442809182897
39935.0,0.47804484205718767
39958.0,0.47804539778741667
39981.0,0.47804594781570753
40004.0,0.47804649179083036
40027.0,0.4780470290450358
40050.0,0.47804756031143303
40073.0,0.4780480864692375
40097.0,0.47804862757677913
40120.0,0.47804914098282136
40143.0,0.4780496472908182
40166.0,0.4780501462605536
40189.0,0.47805063729691716
40212.0,0.478051122628946
40235.0,0.4780516011553515
40258.0,0.4780520720012625
40281.0,0.4780525380771247
40305.0,0.4780530175690526
40328.0,0.47805347006864823
40351.0,0.47805391579469453
40374.0,0.4780543560440843
40397.0,0.47805479278031804
40420.0,0.47805522494881936
40443.0,0.4780556506367785
40466.0,0.47805607194715494
40490.0,0.47805650806743727
40513.0,0.4780569226667173
40536.0,0.4780573335400676
40559.0,0.47805774164547704
40582.0,0.4780581474141097
40605.0,0.4780585506216415
40628.0,0.4780589508286883
40651.0,0.4780593484967288
40675.0,0.47805976009158463
40698.0,0.4780601530795605
40721.0,0.47806054494057654
40744.0,0.4780609339676154
40767.0,0.4780613218209392
40790.0,0.47806170811835513
40813.0,0.47806209168030883
40836.0,0.4780624726881254
40860.0,0.4780628662248608
40883.0,0.4780632414787539
40906.0,0.4780636147475411
40929.0,0.47806398395565525
40952.0,0.47806435147729043
40975.0,0.4780647152298112
40998.0,0.47806507703106316
41021.0,0.47806543657028
41045.0,0.4780658093903023
41068.0,0.4780661637477104
41091.0,0.4780665156833312
41114.0,0.47806686107309937
41137.0,0.47806720468458824
41160.0,0.4780675452054033
41183.0,0.47806788319675847
41206.0,0.4780682199467624
41230.0,0.4780685712138928
41253.0,0.47806890322733575
41276.0,0.4780692309074971
41299.0,0.47806955547552177
41322.0,0.47806987507046883
41345.0,0.47807019128217715
41368.0,0.478070505807529
41391.0,0.47807081548135966
41415.0,0.4780711360143908
41438.0,0.4780714381606621
41461.0,0.47807173603285114
41484.0,0.4780720314767479
41507.0,0.47807232204730904
41530.0,0.4780726103506052
41553.0,0.47807289323272284
41576.0,0.4780731717563708
41600.0,0.4780734583901196
41623.0,0.47807373000130726
41646.0,0.4780739998402392
41669.0,0.4780742652444345
41692.0,0.47807452752554824
41715.0,0.47807478714869467
41738.0,0.4780750425010651
41761.0,0.4780752969901255
41785.0,0.4780755563039706
41808.0,0.4780758016522144
41831.0,0.47807604217747013
41854.0,0.4780762807176252
41877.0,0.4780765148218494
41900.0,0.47807674916038173
41923.0,0.4780769812658843
41946.0,0.47807720984317037
41970.0,0.47807744293714
41993.0,0.478077666077781
42016.0,0.4780778856320935
42039.0,0.4780781013121036
42062.0,0.47807831323617406
42085.0,0.47807852310905036
42108.0,0.4780787325038708
42131.0,0.47807893723458106
42154.0,0.47807913913701694
42178.0,0.47807934737814595
42201.0,0.478079545876284
42224.0,0.4780797397188863
42247.0,0.4780799314244723
42270.0,0.47808011910279313
42293.0,0.4780803048979434
42316.0,0.4780804893202236
42339.0,0.4780806714103081
42363.0,0.4780808585249987
42386.0,0.4780810339935771
42409.0,0.47808120690320216
42432.0,0.4780813790838314
42455.0,0.47808154941656666
42478.0,0.4780817150852662
42501.0,0.478081881815336
42524.0,0.47808204492200884
42548.0,0.47808221214411284
42571.0,0.4780823679751151
42594.0,0.47808252153985037
42617.0,0.4780826756244072
42640.0,0.4780828266254991
42663.0,0.4780829747073
42686.0,0.478083121289498
42709.0,0.47808326472358353
42733.0,0.47808341391902254
42756.0,0.47808355081264975
42779.0,0.4780836846367869
42802.0,0.47808381724087623
42825.0,0.47808394771344687
42848.0,0.47808407516209306
42871.0,0.47808419861740115
42894.0,0.4780843225068685
42918.0,0.4780844498127714
42941.0,0.47808456773927865
42964.0,0.4780846831015404
42987.0,0.47808479473790444
43010.0,0.4780849058587856
43033.0,0.4780850165287866
43056.0,0.4780851263034817
43079.0,0.4780852351201
43103.0,0.4780853426913214
43126.0,0.4780854448593878
43149.0,0.47808554750554866
43172.0,0.47808564656838626
43195.0,0.47808574341448806
43218.0,0.4780858362584831
43241.0,0.4780859294707621
43264.0,0.47808602093917063
43288.0,0.47808611326846284
43311.0,0.47808619951181497
43334.0,0.4780862861820569
43357.0,0.4780863712726934
43380.0,0.47808645494872015
43403.0,0.4780865358167945
43426.0,0.4780866165096083
43449.0,0.47808669788217906
43473.0,0.4780867804666873
43496.0,0.4780868581124005
43519.0,0.47808693256774915
43542.0,0.47808700323467257
43565.0,0.47808707604135997
43588.0,0.47808714826105314
43611.0,0.4780872178878488
43634.0,0.47808728772109554
43658.0,0.47808735422136434
43681.0,0.47808742168700397
43704.0,0.47808748619737607
43727.0,0.47808754886347926
43750.0,0.47808761003315525
43773.0,0.47808767075222347
43796.0,0.4780877314685953
43819.0,0.47808779233038257
43843.0,0.47808785537573295
43866.0,0.47808791560949954
43889.0,0.47808797597831243
43912.0,0.4780880342962949
43935.0,0.47808809252311457
43958.0,0.4780881493595516
43981.0,0.4780882054918566
44004.0,0.478088259360832
44027.0,0.47808831299944987
44051.0,0.47808836806554805
44074.0,0.4780884203567747
44097.0,0.47808847184000003
44120.0,0.4780885198894221
44143.0,0.4780885702853892
44166.0,0.47808862104993877
44189.0,0.4780886724797997
44212.0,0.4780887221607696
44236.0,0.47808877146486084
44259.0,0.47808881915832924
44282.0,0.4780888675613492
44305.0,0.4780889117548136
44328.0,0.47808895580653
44351.0,0.4780889983018398
44374.0,0.47808903963754257
44397.0,0.47808908307631703
44421.0,0.47808912916370977
44444.0,0.47808917104540927
44467.0,0.47808921142516825
44490.0,0.4780892518871922
44513.0,0.4780892936038129
44536.0,0.4780893336720362
44559.0,0.4780893729124169
44582.0,0.47808941142458933
44606.0,0.4780894530326716
44629.0,0.4780894919681641
44652.0,0.478089528899737
44675.0,0.4780895661149847
44698.0,0.4780896031937647
44721.0,0.4780896381968135
44744.0,0.4780896733985862
44767.0,0.4780897101750623
44791.0,0.4780897488245615
44814.0,0.47808978642621275
44837.0,0.4780898217140066
44860.0,0.4780898571695066
44883.0,0.4780898909863299
44906.0,0.47808992309986936
44929.0,0.47808995271199123
44952.0,0.4780899828295304
44976.0,0.47809001763015324
44999.0,0.4780900456709719
45022.0,0.47809007435922624
45045.0,0.47809010272126584
45068.0,0.47809013064410266
45091.0,0.4780901603590726
45114.0,0.4780901890346952
45137.0,0.4780902167931324
45161.0,0.47809024476239903
45184.0,0.47809027085395894
45207.0,0.4780903002879158
45230.0,0.4780903261690552
45253.0,0.4780903533688552
45276.0,0.4780903793448643
45299.0,0.4780904064202509
45322.0,0.47809043005600804
45346.0,0.4780904558826463
45369.0,0.47809047943513017
45392.0,0.4780905034766511
45415.0,0.4780905275995798
45438.0,0.4780905519429322
45461.0,0.4780905742199984
45484.0,0.4780905982215884
45507.0,0.47809061900974237
45531.0,0.4780906441635342
45554.0,0.4780906656477588
45577.0,0.47809068809483035
45600.0,0.4780907121585264
45623.0,0.47809073606438257
45646.0,0.47809075616489133
45669.0,0.4780907740433128
45692.0,0.47809079631234247
45716.0,0.4780908202674289
45739.0,0.47809084144534497
45762.0,0.47809086379854326
45785.0,0.4780908831423141
45808.0,0.4780909029112518
45831.0,0.4780909228922483
45854.0,0.47809094162586935
45877.0,0.4780909630436392
45900.0,0.47809098435155795
45924.0,0.4780910064218227
45947.0,0.4780910273786302
45970.0,0.4780910468130153
45993.0,0.4780910657202635
46016.0,0.47809108546082846
46039.0,0.4780911029553436
46062.0,0.47809112241354107
46085.0,0.4780911428469175
46109.0,0.4780911617231086
46132.0,0.4780911777985859
46155.0,0.4780911936280119
46178.0,0.4780912115647705
46201.0,0.47809123016369076
46224.0,0.47809124850998036
46247.0,0.4780912645018953
46270.0,0.4780912813011151
46294.0,0.4780912997941137
46317.0,0.4780913148478091
46340.0,0.47809133371076257
46363.0,0.4780913509805435
46386.0,0.47809136875554137
46409.0,0.4780913833630209
46432.0,0.47809139866646966
46455.0,0.4780914144902984
46479.0,0.47809143152629907
46502.0,0.4780914482988195
46525.0,0.4780914654156214
46548.0,0.4780914831521857
46571.0,0.47809149825354424
46594.0,0.4780915142400369
46617.0,0.47809153092451384
46640.0,0.4780915471548549
46664.0,0.478091562188034
46687.0,0.4780915763774809
46710.0,0.47809159118552036
46733.0,0.47809160524459016
46756.0,0.47809162297894275
46779.0,0.4780916404605151
46802.0,0.47809165803123227
46825.0,0.4780916757413877
46849.0,0.4780916931962055
46872.0,0.4780917091789081
46895.0,0.4780917243327632
46918.0,0.47809173956666384
46941.0,0.4780917531272295
46964.0,0.47809176669688913
46987.0,0.47809177949432413
47010.0,0.47809179443896477
47034.0,0.4780918081343849
47057.0,0.4780918219088024
47080.0,0.4780918360456513
47103.0,0.47809185023232575
47126.0,0.47809186399563375
47149.0,0.4780918763161921
47172.0,0.47809188779530853
47195.0,0.4780918989586236
47219.0,0.47809191205053897
47242.0,0.47809192598299854
47265.0,0.47809193741387296
47288.0,0.4780919493506631
47311.0,0.4780919622052484
47334.0,0.47809197650041885
47357.0,0.47809199125892116
47380.0,0.47809200564171483
47404.0,0.4780920197456614
47427.0,0.4780920348503011
47450.0,0.4780920486029152
47473.0,0.47809206213668853
47496.0,0.4780920758967424
47519.0,0.4780920884753788
47542.0,0.47809210041254946
47565.0,0.4780921134749558
47588.0,0.47809212488655617
47612.0,0.47809213814299184
47635.0,0.478092150790684
47658.0,0.4780921628639186
47681.0,0.47809217416942756
47704.0,0.4780921850245802
47727.0,0.47809219572384254
47750.0,0.47809220748476067
47773.0,0.4780922181481906
47797.0,0.47809222931108897
47820.0,0.47809224090481517
47843.0,0.47809225142067197
47866.0,0.4780922628478833
47889.0,0.47809227428463136
47912.0,0.4780922839125264
47935.0,0.47809229594724106
47958.0,0.47809230688315363
47982.0,0.478092319853752
48005.0,0.47809233025221237
48028.0,0.47809234028889536
48051.0,0.4780923492940211
48074.0,0.47809236092189145
48097.0,0.47809237225682216
48120.0,0.4780923823379559
48143.0,0.4780923924521784
48167.0,0.4780924020885355
48190.0,0.4780924106260142
48213.0,0.47809242003087193
48236.0,0.47809242992108336
48259.0,0.4780924401344167
48282.0,0.47809245074948126
48305.0,0.4780924606561933
48328.0,0.47809247243101716
48352.0,0.47809248267797344
48375.0,0.47809249211517746
48398.0,0.4780925019468703
48421.0,0.4780925123827955
48444.0,0.4780925209136786
48467.0,0.4780925294107061
48490.0,0.4780925377501467
48513.0,0.4780925453740667
48537.0,0.47809255493101843
48560.0,0.4780925645920489
48583.0,0.4780925748889413
48606.0,0.4780925847957339
48629.0,0.47809259372087987
48652.0,0.4780926040447272
48675.0,0.47809261313392165
48698.0,0.4780926224658901
48722.0,0.4780926310308504
48745.0,0.4780926391907573
48768.0,0.47809264720210465
48791.0,0.47809265541022594
48814.0,0.47809266347084534
48837.0,0.4780926731005304
48860.0,0.47809268255730875
48883.0,0.4780926902591773
48907.0,0.47809269993563286
48930.0,0.4780927072915192
48953.0,0.478092714806878
48976.0,0.478092722580179
48999.0,0.4780927299418888
49022.0,0.47809273657198226
49045.0,0.47809274484091224
49068.0,0.47809275245525357
49092.0,0.47809276044056215
49115.0,0.4780927679941299
49138.0,0.47809277417513596
49161.0,0.47809278008174677
49184.0,0.47809278831238544
49207.0,0.478092795851543
49230.0,0.47809280241743485
49253.0,0.47809280992979886
49277.0,0.47809281649899865
49300.0,0.47809282382537543
49323.0,0.4780928300756841
49346.0,0.47809283719323115
49369.0,0.47809284460114243
49392.0,0.4780928527037312
49415.0,0.47809286104333815
49438.0,0.478092868600546
49461.0,0.47809287720341886
49485.0,0.47809288616403195
49508.0,0.4780928931416104
49531.0,0.4780929009704086
49554.0,0.47809290808212734
49577.0,0.4780929157520256
49600.0,0.47809292473467213
49623.0,0.47809293199635006
49646.0,0.47809293830010147
49670.0,0.4780929460893131
49693.0,0.4780929538376064
49716.0,0.4780929603380504
49739.0,0.4780929674118643
49762.0,0.47809297337015555
49785.0,0.47809298017576973
49808.0,0.47809298769671826
49831.0,0.4780929956840795
49855.0,0.4780930038723313
49878.0,0.4780930096017152
49901.0,0.4780930165348648
49924.0,0.47809302400641823
49947.0,0.47809303103248363
49970.0,0.4780930391874222
49993.0,0.4780930454427408
50016.0,0.4780930519114325
50040.0,0.47809305823606835
50063.0,0.47809306468287627
50086.0,0.47809307159220416
50109.0,0.47809307890237257
50132.0,0.4780930863390978
50155.0,0.47809309445893977
50178.0,0.47809310250433057
50201.0,0.47809310956466955
50225.0,0.4780931174863018
50248.0,0.47809312459299635
50271.0,0.4780931298803781
50294.0,0.47809313609892046
50317.0,0.4780931427763545
50340.0,0.47809314886734067
50363.0,0.47809315517528367
50386.0,0.4780931613956011
50410.0,0.47809316788151957
50433.0,0.478093174914716
50456.0,0.4780931825232215
50479.0,0.47809318965041436
50502.0,0.47809319730674155
50525.0,0.4780932044397135
50548.0,0.4780932104359423
50571.0,0.47809321560254725
50595.0,0.4780932228320669
50618.0,0.4780932300538743
50641.0,0.47809323571496914
50664.0,0.47809324083729954
50687.0,0.47809324721678326
50710.0,0.47809325325160423
50733.0,0.478093258757558
50756.0,0.47809326352907505
50780.0,0.47809326918530237
50803.0,0.47809327468741625
50826.0,0.4780932809284852
50849.0,0.4780932866846555
50872.0,0.47809329247766386
50895.0,0.47809329886379576
50918.0,0.4780933043878698
50941.0,0.47809331047100334
50965.0,0.4780933152418511
50988.0,0.47809332080991845
51011.0,0.47809332744672595
51034.0,0.4780933330859199
51057.0,0.478093339683327
51080.0,0.47809334496961686
51103.0,0.47809335013467363
51126.0,0.4780933553387715
51150.0,0.47809336123236024
51173.0,0.4780933672587969
51196.0,0.4780933724300137
51219.0,0.47809337777103184
51242.0,0.4780933831428027
51265.0,0.4780933890290061
51288.0,0.4780933953003764
51311.0,0.47809340167813985
51334.0,0.47809340702456493
51358.0,0.47809341182721854
51381.0,0.478093416907323
51404.0,0.47809342274505656
51427.0,0.4780934275905865
51450.0,0.47809343282812966
51473.0,0.47809343811877103
51496.0,0.4780934428556793
51519.0,0.4780934471805913
51543.0,0.4780934518631925
51566.0,0.47809345695562167
51589.0,0.47809346152799614
51612.0,0.4780934674627737
51635.0,0.47809347356109944
51658.0,0.47809347811919484
51681.0,0.4780934851824056
51704.0,0.47809349002869134
51728.0,0.4780934949248803
51751.0,0.478093500711667
51774.0,0.47809350612052953
51797.0,0.47809351084058843
51820.0,0.4780935157335877
51843.0,0.47809351989291565
51866.0,0.47809352449364395
51889.0,0.4780935298176706
51913.0,0.47809353389648257
51936.0,0.47809353794646064
51959.0,0.47809354279144356
51982.0,0.4780935474588005
52005.0,0.4780935527869899
52028.0,0.4780935571411635
52051.0,0.47809356068514675
52074.0,0.4780935642458416
52098.0,0.47809356861496444
52121.0,0.4780935727344259
52144.0,0.4780935770223693
52167.0,0.4780935830300277
52190.0,0.47809358858899836
52213.0,0.47809359335739476
52236.0,0.4780935983660703
52259.0,0.4780936030761138
52283.0,0.47809360803833073
52306.0,0.47809361316618604
52329.0,0.4780936182986505
52352.0,0.47809362282935003
52375.0,0.47809362761281327
52398.0,0.47809363339223165
52421.0,0.4780936379176256
52444.0,0.4780936421526214
52468.0,0.47809364655064623
52491.0,0.47809365092295586
52514.0,0.4780936550744136
52537.0,0.4780936586525961
52560.0,0.47809366250746255
52583.0,0.4780936666465532
52606.0,0.47809367004830733
52629.0,0.4780936738105064
52653.0,0.47809367750096216
52676.0,0.47809368087837223
52699.0,0.4780936846370394
52722.0,0.4780936883490249
52745.0,0.478093692230361
52768.0,0.4780936964468896
52791.0,0.4780936994111952
52814.0,0.47809370293949904
52838.0,0.47809370589526684
52861.0,0.478093710613813
52884.0,0.47809371530416755
52907.0,0.47809371872951717
52930.0,0.47809372303146636
52953.0,0.47809372823604146
52976.0,0.4780937319908672
52999.0,0.47809373585389886
53023.0,0.4780937404354939
53046.0,0.478093743623882
53069.0,0.47809374880164657
53092.0,0.4780937540712987
53115.0,0.4780937586593377
53138.0,0.47809376293242295
53161.0,0.47809376665381825
53184.0,0.47809377032332967
53207.0,0.47809377413449583
53231.0,0.47809377970236
53254.0,0.47809378410127884
53277.0,0.4780937890992758
53300.0,0.4780937943404966
53323.0,0.4780937984259981
53346.0,0.4780938017873001
53369.0,0.4780938063592619
53392.0,0.4780938112487988
53416.0,0.47809381597792805
53439.0,0.47809382094140057
53462.0,0.47809382573066783
53485.0,0.4780938309439333
53508.0,0.47809383569364466
53531.0,0.4780938398684574
53554.0,0.478093844194111
53577.0,0.4780938479161425
53601.0,0.47809385284642203
53624.0,0.4780938566775388
53647.0,0.4780938611658843
53670.0,0.4780938656057752
53693.0,0.4780938698654813
53716.0,0.4780938729386254
53739.0,0.4780938768924819
53762.0,0.4780938807229118
53786.0,0.4780938854889442
53809.0,0.4780938895210459
53832.0,0.47809389292586724
53855.0,0.47809389701906124
53878.0,0.47809390047410955
53901.0,0.4780939051737248
53924.0,0.4780939101782731
53947.0,0.4780939145244826
53971.0,0.47809391897836945
53994.0,0.47809392302143694
54017.0,0.47809392760926017
54040.0,0.47809393104183545
54063.0,0.4780939361352623
54086.0,0.47809393943363704
54109.0,0.47809394300943675
54132.0,0.47809394598861893
54156.0,0.47809394968255914
54179.0,0.4780939532402215
54202.0,0.4780939570862979
54225.0,0.4780939605118846
54248.0,0.47809396347721156
54271.0,0.47809396717981245
54294.0,0.4780939706397035
54317.0,0.47809397503496676
54341.0,0.4780939783975735
54364.0,0.47809398160578204
54387.0,0.4780939852828371
54410.0,0.47809398910879186
54433.0,0.4780939930359265
54456.0,0.4780939973416072
54479.0,0.4780940008932739
54502.0,0.4780940042002599
54526.0,0.4780940085366065
54549.0,0.4780940125222276
54572.0,0.47809401661784046
54595.0,0.47809402061248196
54618.0,0.47809402470032414
54641.0,0.47809402765415554
54664.0,0.47809403056786326
54687.0,0.4780940341241231
54711.0,0.4780940378046973
54734.0,0.47809403997380306
54757.0,0.47809404265062916
54780.0,0.4780940448510533
54803.0,0.47809404806024963
54826.0,0.47809405173576247
54849.0,0.47809405497135754
54872.0,0.47809405777494113
54896.0,0.4780940625047345
54897.0,0.47809406277487204
54898.0,0.4780940629572812
54899.0,0.4780940631699525
54900.0,0.47809406330757875
54901.0,0.4780940635305756
54902.0,0.4780940635657344
54903.0,0.47809406389333514
54904.0,0.4780940640026757
54905.0,0.4780940641789536
54906.0,0.47809406436121105
54907.0,0.4780940645853861
54908.0,0.4780940648178696
54909.0,0.4780940650120499
54910.0,0.47809406523323994
54911.0,0.478094065418366
54912.0,0.4780940655866103
54913.0,0.47809406583124775
54914.0,0.4780940660321402
54915.0,0.47809406629718476
54916.0,0.4780940664738271
54917.0,0.47809406667159066
54918.0,0.47809406684992783
54919.0,0.47809406694362877
54920.0,0.4780940671124888
54921.0,0.47809406737268667
54922.0,0.4780940675218215
54923.0,0.4780940677269254
54924.0,0.4780940678690636
54925.0,0.47809406804608817
54926.0,0.4780940682325984
54927.0,0.4780940683584231
54928.0,0.4780940684935267
54929.0,0.47809406859196013
54930.0,0.478094068732169
54931.0,0.4780940689863932
54932.0,0.4780940691063165
54933.0,0.47809406932259824
54934.0,0.4780940694680453
54935.0,0.4780940697177525
54936.0,0.47809406996528137
54937.0,0.478094070083372
54938.0,0.4780940702769863
54939.0,0.4780940704002947
54940.0,0.4780940705250091
54941.0,0.4780940707383151
54942.0,0.4780940709384739
54943.0,0.4780940711962614
54944.0,0.47809407133199633
54945.0,0.47809407154346084
54946.0,0.47809407179352525
54947.0,0.4780940719380813
54948.0,0.4780940721774155
54949.0,0.4780940722782268
54950.0,0.4780940724899154
54951.0,0.4780940726826671
54952.0,0.47809407285733885
54953.0,0.47809407308458196
54954.0,0.47809407321591824
54955.0,0.47809407334266085
54956.0,0.4780940734323892
54957.0,0.478094073562369
54958.0,0.4780940737376804
54959.0,0.4780940738790058
54960.0,0.47809407398551823
54961.0,0.47809407414302446
54962.0,0.47809407421580613
54963.0,0.4780940743247004
54964.0,0.4780940744813543
54965.0,0.4780940746194971
54966.0,0.4780940746998691
54967.0,0.478094074759164
54968.0,0.47809407484274125
54969.0,0.47809407491071254
54970.0,0.47809407496738715
54971.0,0.47809407508379603
54972.0,0.478094075133782
54973.0,0.4780940752665842
54974.0,0.4780940753566961
54975.0,0.478094075514933
54976.0,0.4780940756171679
54977.0,0.4780940757018586
54978.0,0.4780940757866175
54979.0,0.4780940759363976
54980.0,0.4780940759738669
54981.0,0.478094076083434
54982.0,0.4780940761617703
54983.0,0.4780940763356789
54984.0,0.4780940764255821
54985.0,0.4780940765397338
54986.0,0.478094076619334
54987.0,0.47809407676914806
54988.0,0.47809407680235483
54989.0,0.47809407691896577
54990.0,0.4780940770037122
54991.0,0.47809407707695073
54992.0,0.4780940770932558
54993.0,0.47809407721644775
54994.0,0.4780940772729606
54995.0,0.4780940773912329
54996.0,0.478094077524234
54997.0,0.4780940776858418
54998.0,0.47809407791659125
54999.0,0.4780940780646584
55000.0,0.4780940781811448
55001.0,0.4780940783702776
55002.0,0.4780940785038255
55003.0,0.47809407863191145
55004.0,0.47809407877507193
55005.0,0.47809407887376687
55006.0,0.47809407900702466
55007.0,0.47809407906495605
55008.0,0.47809407923980535
55009.0,0.4780940793334938
55010.0,0.4780940794567208
55011.0,0.47809407961058287
55012.0,0.47809407972501083
55013.0,0.47809407989167607
55014.0,0.4780940799488667
55015.0,0.47809408006952814
55016.0,0.47809408022380495
55017.0,0.4780940803848375
55018.0,0.47809408055216174
55019.0,0.4780940807078781
55020.0,0.47809408084600824
55021.0,0.47809408098681005
55022.0,0.47809408110743434
55023.0,0.4780940812740263
55024.0,0.4780940813859596
55025.0,0.47809408161804934
55026.0,0.4780940817416219
55027.0,0.47809408197901826
55028.0,0.4780940820805504
55029.0,0.47809408229808353
55030.0,0.47809408238622153
55031.0,0.47809408270066256
55032.0,0.47809408282609345
55033.0,0.4780940830787471
55034.0,0.47809408327453107
55035.0,0.4780940834566114
55036.0,0.4780940836249996
55037.0,0.47809408388776353
55038.0,0.47809408415275473
55039.0,0.4780940844187549
55040.0,0.47809408458982805
55041.0,0.47809408484536886
55042.0,0.4780940849340163
55043.0,0.47809408522624997
55044.0,0.47809408539440723
55045.0,0.4780940855598451
55046.0,0.47809408566673717
55047.0,0.47809408586189134
55048.0,0.478094085933489
55049.0,0.4780940860464057
55050.0,0.4780940861394677
55051.0,0.4780940863038242
55052.0,0.4780940863928905
55053.0,0.4780940865369675
55054.0,0.47809408662589203
55055.0,0.4780940868177932
55056.0,0.4780940869819853
55057.0,0.47809408717216506
55058.0,0.4780940872966968
55059.0,0.47809408750602833
55060.0,0.478094087586161
55061.0,0.478094087737195
55062.0,0.47809408789298125
55063.0,0.47809408803004283
55064.0,0.4780940881312733
55065.0,0.4780940882934857
55066.0,0.4780940884661957
55067.0,0.47809408864884606
55068.0,0.47809408878687165
55069.0,0.47809408895377514
55070.0,0.4780940890820476
55071.0,0.4780940892274844
55072.0,0.47809408936344
55073.0,0.47809408949319554
55074.0,0.47809408962488886
55075.0,0.47809408978018575
55076.0,0.47809408990747904
55077.0,0.4780940901015345
55078.0,0.47809409022953
55079.0,0.4780940903279284
55080.0,0.47809409048106977
55081.0,0.47809409053720875
55082.0,0.47809409064405095
55083.0,0.47809409074870646
55084.0,0.47809409085629784
55085.0,0.4780940910110585
55086.0,0.4780940910863706
55087.0,0.4780940912631259
55088.0,0.47809409130952446
55089.0,0.47809409148234117
55090.0,0.47809409160284927
55091.0,0.4780940916760278
55092.0,0.4780940917888027
55093.0,0.47809409187672247
55094.0,0.47809409202935416
55095.0,0.4780940921817835
55096.0,0.47809409222944854
55097.0,0.47809409242108925
55098.0,0.47809409254779833
55099.0,0.4780940927553959
55100.0,0.47809409287153193
55101.0,0.4780940930325381
55102.0,0.4780940931200036
55103.0,0.4780940933167726
55104.0,0.4780940934443076
55105.0,0.47809409356681987
55106.0,0.4780940936740723
55107.0,0.4780940938153916
55108.0,0.4780940939065338
55109.0,0.47809409407257164
55110.0,0.47809409419323035
55111.0,0.47809409439580064
55112.0,0.4780940944832732
55113.0,0.47809409468160224
55114.0,0.4780940947327067
55115.0,0.47809409496885635
55116.0,0.478094095011435
55117.0,0.47809409515188406
55118.0,0.4780940952404431
55119.0,0.4780940953924764
55120.0,0.4780940955039438
55121.0,0.47809409569080064
55122.0,0.4780940957940362
55123.0,0.4780940960086916
55124.0,0.4780940960871781
55125.0,0.478094096258319
55126.0,0.4780940963444412
55127.0,0.4780940965156074
55128.0,0.47809409662148195
55129.0,0.4780940968770919
55130.0,0.47809409702945327
55131.0,0.478094097284578
55132.0,0.4780940974225141
55133.0,0.47809409759722377
55134.0,0.47809409766891586
55135.0,0.47809409781846746
55136.0,0.4780940979262115
55137.0,0.47809409806934366
55138.0,0.478094098173274
55139.0,0.478094098316145
55140.0,0.4780940983786266
55141.0,0.47809409850014944
55142.0,0.4780940985775787
55143.0,0.47809409869742303
55144.0,0.4780940988752105
55145.0,0.4780940989571019
55146.0,0.47809409908323397
55147.0,0.4780940991969941
55148.0,0.4780940992991285
55149.0,0.4780940994267992
55150.0,0.47809409959658244
55151.0,0.4780940996703459
55152.0,0.4780940997984052
55153.0,0.4780940999373461
55154.0,0.4780941000280508
55155.0,0.4780941001468551
55156.0,0.47809410022975735
55157.0,0.47809410038365147
55158.0,0.47809410046676415
55159.0,0.47809410063140456
55160.0,0.47809410069347597
55161.0,0.4780941008394627
55162.0,0.47809410086727755
55163.0,0.4780941009524999
55164.0,0.47809410107548933
55165.0,0.47809410118099727
55166.0,0.4780941013124884
55167.0,0.4780941014308719
55168.0,0.4780941015416419
55169.0,0.47809410155076637
55170.0,0.4780941016643277
55171.0,0.4780941017547471
55172.0,0.4780941018208351
55173.0,0.478094101932669
55174.0,0.4780941019979079
55175.0,0.4780941021669289
55176.0,0.4780941022775943
55177.0,0.4780941024137062
55178.0,0.47809410258843166
55179.0,0.4780941026871631
55180.0,0.4780941028113046
55181.0,0.47809410291912635
55182.0,0.478094103010741
55183.0,0.478094103078855
55184.0,0.47809410321810963
55185.0,0.4780941033029686
55186.0,0.47809410342333797
55187.0,0.478094103511239
55188.0,0.4780941035521554
55189.0,0.4780941037141161
55190.0,0.478094103738822
55191.0,0.47809410386458184
55192.0,0.4780941039408197
55193.0,0.47809410406258435
55194.0,0.4780941040778328
55195.0,0.4780941041808281
55196.0,0.4780941042672844
55197.0,0.4780941043135693
55198.0,0.4780941043717974
55199.0,0.4780941045099566
55200.0,0.478094104516252
55201.0,0.4780941046154785
55202.0,0.4780941046214103
55203.0,0.478094104692519
55204.0,0.47809410478770187
55205.0,0.4780941048099993
55206.0,0.478094104954239
55207.0,0.47809410504585126
55208.0,0.478094105109503
55209.0,0.4780941052360238
55210.0,0.47809410528244417
55211.0,0.47809410545519915
55212.0,0.478094105484117
55213.0,0.47809410557711507
55214.0,0.4780941056448853
55215.0,0.4780941057023892
55216.0,0.4780941058406195
55217.0,0.4780941059441999
55218.0,0.47809410604111824
55219.0,0.47809410616118764
55220.0,0.4780941061902677
55221.0,0.478094106326608
55222.0,0.47809410635273636
55223.0,0.47809410647514977
55224.0,0.47809410660505697
55225.0,0.47809410666831165
55226.0,0.47809410677538167
55227.0,0.4780941068630793
55228.0,0.4780941069831612
55229.0,0.4780941070395594
55230.0,0.4780941071282521
55231.0,0.47809410727450297
55232.0,0.47809410737794633
55233.0,0.47809410757226395
55234.0,0.47809410774766703
55235.0,0.47809410788101725
55236.0,0.47809410799661833
55237.0,0.4780941081613481
55238.0,0.47809410825593557
55239.0,0.4780941084491172
55240.0,0.4780941085100229
55241.0,0.4780941086188948
55242.0,0.4780941086728507
55243.0,0.4780941088047253
55244.0,0.47809410886858716
55245.0,0.47809410900484506
55246.0,0.47809410913510914
55247.0,0.47809410927713
55248.0,0.47809410943857983
55249.0,0.478094109634482
55250.0,0.47809410974979594
55251.0,0.4780941099649274
55252.0,0.4780941100905701
55253.0,0.47809411027527204
55254.0,0.4780941103830313
55255.0,0.4780941105976389
55256.0,0.4780941107879151
55257.0,0.4780941109037031
55258.0,0.4780941109969436
55259.0,0.4780941111527003
55260.0,0.478094111308325
55261.0,0.47809411142888747
55262.0,0.4780941115563915
55263.0,0.47809411166891247
55264.0,0.4780941117693306
55265.0,0.4780941118908959
55266.0,0.4780941119580485
55267.0,0.47809411212032693
55268.0,0.47809411215062325
55269.0,0.4780941122894837
55270.0,0.4780941123845109
55271.0,0.47809411248878464
55272.0,0.4780941125107876
55273.0,0.4780941125805528
55274.0,0.4780941126390958
55275.0,0.47809411272284674
55276.0,0.478094112761438
55277.0,0.478094112836632
55278.0,0.4780941129138898
55279.0,0.47809411300544835
55280.0,0.47809411310628713
55281.0,0.47809411319538553
55282.0,0.47809411331397456
55283.0,0.47809411338784163
55284.0,0.4780941135283301
55285.0,0.4780941135891678
55286.0,0.47809411372411326
55287.0,0.4780941138288465
55288.0,0.4780941139663876
55289.0,0.4780941140474386
55290.0,0.47809411416124203
55291.0,0.4780941142639217
55292.0,0.478094114359209
55293.0,0.4780941144051133
55294.0,0.4780941145706511
55295.0,0.4780941146839752
55296.0,0.47809411475769337
55297.0,0.4780941148442299
55298.0,0.47809411492525633
55299.0,0.4780941149678153
55300.0,0.47809411506695254
55301.0,0.47809411510952543
55302.0,0.4780941152333963
55303.0,0.4780941153040994
55304.0,0.47809411539606395
55305.0,0.4780941155627455
55306.0,0.478094115703086
55307.0,0.47809411590131323
55308.0,0.47809411602175783
55309.0,0.4780941161212765
55310.0,0.4780941161928727
55311.0,0.47809411633401055
55312.0,0.4780941164354239
55313.0,0.478094116483462
55314.0,0.478094116542979
55315.0,0.4780941166023157
55316.0,0.47809411672076396
55317.0,0.4780941167953905
55318.0,0.4780941169046518
55319.0,0.4780941169869728
55320.0,0.47809411706693133
55321.0,0.47809411711907773
55322.0,0.4780941172405382
55323.0,0.4780941173233516
55324.0,0.4780941173692422
55325.0,0.4780941174028661
55326.0,0.47809411750732844
55327.0,0.47809411753059494
55328.0,0.47809411764605
55329.0,0.4780941177565612
55330.0,0.47809411780225797
55331.0,0.47809411792173173
55332.0,0.47809411800885354
55333.0,0.4780941180923393
55334.0,0.47809411821477965
55335.0,0.4780941182673911
55336.0,0.4780941183391899
55337.0,0.47809411842354055
55338.0,0.4780941184858009
55339.0,0.47809411855901535
55340.0,0.4780941187021711
55341.0,0.478094118769499
55342.0,0.47809411892901615
55343.0,0.47809411897078524
55344.0,0.4780941191357877
55345.0,0.4780941192425945
55346.0,0.4780941193635939
55347.0,0.47809411946497005
55348.0,0.4780941196009596
55349.0,0.47809411971074656
55350.0,0.4780941198248442
55351.0,0.47809411995891943
55352.0,0.47809412007495733
55353.0,0.47809412014916447
55354.0,0.47809412024929165
55355.0,0.47809412030397225
55356.0,0.4780941204822104
55357.0,0.47809412054480915
55358.0,0.4780941206783035
55359.0,0.47809412077418567
55360.0,0.47809412090443004
55361.0,0.47809412097958953
55362.0,0.47809412108331245
55363.0,0.47809412116002736
55364.0,0.4780941212572595
55365.0,0.4780941213467239
55366.0,0.47809412140187446
55367.0,0.4780941215179174
55368.0,0.4780941216094959
55369.0,0.4780941217487732
55370.0,0.4780941218582492
55371.0,0.47809412200113255
55372.0,0.47809412211781976
55373.0,0.478094122218333
55374.0,0.4780941223621157
55375.0,0.4780941224917829
55376.0,0.478094122582305
55377.0,0.4780941227043183
55378.0,0.47809412273176666
55379.0,0.47809412285252556
55380.0,0.47809412286693387
55381.0,0.47809412301568077
55382.0,0.4780941231008319
55383.0,0.47809412323113726
55384.0,0.47809412329280565
55385.0,0.47809412346199487
55386.0,0.4780941235699135
55387.0,0.4780941237043126
55388.0,0.47809412386706396
55389.0,0.47809412393784156
55390.0,0.47809412397375817
55391.0,0.4780941240888205
55392.0,0.47809412415239744
55393.0,0.47809412426652464
55394.0,0.47809412440191745
55395.0,0.478094124481387
55396.0,0.4780941246157012
55397.0,0.4780941247761031
55398.0,0.4780941248832612
55399.0,0.47809412498613324
55400.0,0.4780941250247496
55401.0,0.47809412512074956
55402.0,0.4780941251524484
55403.0,0.47809412527495426
55404.0,0.47809412537750395
55405.0,0.47809412553920866
55406.0,0.4780941256498657
55407.0,0.47809412582350247
55408.0,0.47809412590510947
55409.0,0.47809412605414314
55410.0,0.4780941261414765
55411.0,0.47809412633225545
55412.0,0.4780941264535381
55413.0,0.47809412660592054
55414.0,0.4780941266752374
55415.0,0.47809412680156327
55416.0,0.4780941268930918
55417.0,0.47809412706401455
55418.0,0.4780941272092937
55419.0,0.4780941273866156
55420.0,0.47809412754025826
55421.0,0.47809412766578696
55422.0,0.47809412776384513
55423.0,0.4780941280032639
55424.0,0.4780941281379543
55425.0,0.4780941282484772
55426.0,0.47809412837046517
55427.0,0.4780941284969031
55428.0,0.4780941286380732
55429.0,0.4780941287417124
55430.0,0.47809412891863245
55431.0,0.47809412900850373
55432.0,0.47809412910903915
55433.0,0.4780941292312568
55434.0,0.4780941293447304
55435.0,0.47809412945711616
55436.0,0.4780941295031196
55437.0,0.47809412968417336
55438.0,0.4780941298105441
55439.0,0.4780941299908815
55440.0,0.4780941302061471
55441.0,0.47809413035937387
55442.0,0.4780941305769444
55443.0,0.4780941307818216
55444.0,0.4780941309242611
55445.0,0.47809413106766063
55446.0,0.4780941312898008
55447.0,0.47809413137578183
55448.0,0.47809413159145864
55449.0,0.47809413175633075
55450.0,0.47809413186790395
55451.0,0.4780941320408136
55452.0,0.4780941321442648
55453.0,0.4780941322933372
55454.0,0.47809413238011556
55455.0,0.4780941325575577
55456.0,0.47809413260950095
55457.0,0.47809413267740575
55458.0,0.4780941328504428
55459.0,0.4780941328195132
55460.0,0.47809413290920605
55461.0,0.47809413304465787
55462.0,0.4780941331699825
55463.0,0.47809413332505646
55464.0,0.4780941334571137
55465.0,0.4780941336173149
55466.0,0.47809413375346266
55467.0,0.4780941339307451
55468.0,0.478094134108728
55469.0,0.47809413428388825
55470.0,0.47809413448234395
55471.0,0.47809413466456135
55472.0,0.47809413485741725
55473.0,0.4780941351098826
55474.0,0.47809413525475963
55475.0,0.47809413540311163
55476.0,0.478094135522973
55477.0,0.47809413565300407
55478.0,0.4780941357552034
55479.0,0.478094135858841
55480.0,0.47809413597792094
55481.0,0.4780941360550822
55482.0,0.4780941361686504
55483.0,0.47809413630302444
55484.0,0.47809413630960546
55485.0,0.4780941364178485
55486.0,0.4780941365961008
55487.0,0.47809413664513895
55488.0,0.47809413678033014
55489.0,0.47809413682137913
55490.0,0.4780941369993643
55491.0,0.4780941370722713
55492.0,0.4780941371791487
55493.0,0.478094137269609
55494.0,0.4780941374211357
55495.0,0.4780941375443508
55496.0,0.4780941377125679
55497.0,0.47809413783055266
55498.0,0.4780941379825321
55499.0,0.47809413806937745
55500.0,0.47809413817829993
55501.0,0.4780941382759062
55502.0,0.47809413842765724
55503.0,0.47809413854200467
55504.0,0.478094138552539
55505.0,0.47809413869371065
55506.0,0.47809413875997
55507.0,0.47809413891464714
55508.0,0.4780941389872133
55509.0,0.47809413910545984
55510.0,0.4780941392292105
55511.0,0.47809413939806045
55512.0,0.47809413948182755
55513.0,0.478094139708434
55514.0,0.4780941398274915
55515.0,0.47809414000870054
55516.0,0.47809414016329993
55517.0,0.4780941403854645
55518.0,0.47809414056491795
55519.0,0.4780941407703449
55520.0,0.4780941408658542
55521.0,0.47809414110071274
55522.0,0.47809414124885674
55523.0,0.47809414136257045
55524.0,0.47809414153693375
55525.0,0.47809414167425546
55526.0,0.47809414181887727
55527.0,0.478094141985864
55528.0,0.4780941421458599
55529.0,0.47809414223029456
55530.0,0.478094142316539
55531.0,0.47809414252183124
55532.0,0.4780941426390758
55533.0,0.47809414283089524
55534.0,0.4780941429493204
55535.0,0.47809414306910963
55536.0,0.4780941431354962
55537.0,0.47809414328698435
55538.0,0.47809414336882994
55539.0,0.4780941434809246
55540.0,0.47809414359998
55541.0,0.4780941437359527
55542.0,0.47809414380217863
55543.0,0.47809414398842903
55544.0,0.4780941441143832
55545.0,0.47809414429785946
55546.0,0.4780941443906664
55547.0,0.47809414456429844
55548.0,0.47809414458875
55549.0,0.4780941447654829
55550.0,0.4780941448406798
55551.0,0.47809414499114694
55552.0,0.4780941450084109
55553.0,0.47809414513227616
55554.0,0.4780941452342772
55555.0,0.47809414542404877
55556.0,0.4780941454477907
55557.0,0.478094145663862
55558.0,0.47809414572973047
55559.0,0.47809414594439975
55560.0,0.47809414604234357
55561.0,0.47809414632119157
55562.0,0.47809414643076775
55563.0,0.4780941465397686
55564.0,0.47809414669211736
55565.0,0.47809414692105284
55566.0,0.4780941470051139
55567.0,0.4780941471596115
55568.0,0.4780941471592668
55569.0,0.4780941473776113
55570.0,0.4780941474433611
55571.0,0.47809414760659497
55572.0,0.47809414766520386
55573.0,0.4780941478089823
55574.0,0.47809414792743793
55575.0,0.47809414810533435
55576.0,0.47809414816056145
55577.0,0.4780941484031116
55578.0,0.47809414848840864
55579.0,0.4780941486980358
55580.0,0.4780941488788587
55581.0,0.47809414909294756
55582.0,0.47809414918141074
55583.0,0.47809414946580403
55584.0,0.4780941495817166
55585.0,0.47809414984214943
55586.0,0.4780941499596756
55587.0,0.47809415010954504
55588.0,0.4780941503114552
55589.0,0.4780941504767036
55590.0,0.47809415062711974
55591.0,0.4780941507842472
55592.0,0.47809415097138586
55593.0,0.47809415115054515
55594.0,0.47809415131568145
55595.0,0.4780941515004258
55596.0,0.4780941516569716
55597.0,0.47809415175698633
55598.0,0.4780941518129208
55599.0,0.4780941520126648
55600.0,0.478094152132665
55601.0,0.4780941523026605
55602.0,0.47809415238175446
55603.0,0.47809415249399134
55604.0,0.47809415258916527
55605.0,0.4780941527144541
55606.0,0.4780941528300722
55607.0,0.47809415304918534
55608.0,0.47809415320984194
55609.0,0.4780941534070333
55610.0,0.4780941535444253
55611.0,0.47809415376269804
55612.0,0.4780941538656177
55613.0,0.4780941541286139
55614.0,0.47809415425829493
55615.0,0.47809415445473463
55616.0,0.47809415460716476
55617.0,0.4780941547656791
55618.0,0.47809415483238954
55619.0,0.4780941550416925
55620.0,0.47809415508002895
55621.0,0.47809415525925747
55622.0,0.4780941554251077
55623.0,0.4780941555677416
55624.0,0.47809415574059555
55625.0,0.4780941558850614
55626.0,0.47809415600571364
55627.0,0.4780941562319205
55628.0,0.47809415635029895
55629.0,0.4780941565776209
55630.0,0.47809415664265087
55631.0,0.47809415687273776
55632.0,0.47809415700717045
55633.0,0.4780941571896935
55634.0,0.4780941572982814
55635.0,0.4780941574434314
55636.0,0.47809415755060725
55637.0,0.478094157727001
55638.0,0.47809415783932663
55639.0,0.478094158014706
55640.0,0.4780941581309562
55641.0,0.47809415836236524
55642.0,0.4780941584541177
55643.0,0.478094158738812
55644.0,0.47809415879041167
55645.0,0.47809415899207136
55646.0,0.4780941590672598
55647.0,0.47809415923133797
55648.0,0.47809415929706467
55649.0,0.4780941595157886
55650.0,0.4780941595775997
55651.0,0.4780941598520035
55652.0,0.47809415986303117
55653.0,0.4780941601181365
55654.0,0.4780941602166876
55655.0,0.4780941603852602
55656.0,0.47809416049401443
55657.0,0.47809416068696964
55658.0,0.4780941608281576
55659.0,0.4780941610379752
55660.0,0.47809416119274406
55661.0,0.47809416128730775
55662.0,0.47809416140507427
55663.0,0.4780941615537932
55664.0,0.47809416169122076
55665.0,0.4780941618389248
55666.0,0.4780941619587683
55667.0,0.4780941621248527
55668.0,0.4780941622234937
55669.0,0.4780941624105337
55670.0,0.4780941625476951
55671.0,0.47809416270554017
55672.0,0.4780941628127976
55673.0,0.47809416293392076
55674.0,0.4780941630129555
55675.0,0.47809416315600056
55676.0,0.47809416329455523
55677.0,0.47809416341189753
55678.0,0.4780941635094689
55679.0,0.4780941636960509
55680.0,0.4780941637835875
55681.0,0.47809416395807525
55682.0,0.47809416409361216
55683.0,0.47809416418322936
55684.0,0.47809416431818136
55685.0,0.47809416440551794
55686.0,0.4780941645413398
55687.0,0.47809416463033605
55688.0,0.4780941647804381
55689.0,0.4780941649193346
55690.0,0.4780941650288141
55691.0,0.47809416520387193
55692.0,0.47809416528169796
55693.0,0.47809416548652417
55694.0,0.4780941656316179
55695.0,0.4780941657952754
55696.0,0.478094165991369
55697.0,0.47809416620474565
55698.0,0.4780941663193904
55699.0,0.4780941665326623
55700.0,0.4780941667138952
55701.0,0.4780941668790749
55702.0,0.47809416701757
55703.0,0.4780941672438266
55704.0,0.47809416734474264
55705.0,0.47809416749646616
55706.0,0.47809416760331697
55707.0,0.47809416772638424
55708.0,0.47809416784459413
55709.0,0.47809416798301146
55710.0,0.4780941681035813
55711.0,0.4780941682648877
55712.0,0.4780941683331963
55713.0,0.47809416854048437
55714.0,0.47809416862308435
55715.0,0.47809416885589684
55716.0,0.47809416899820995
55717.0,0.47809416913430997
55718.0,0.4780941692985453
55719.0,0.47809416954801087
55720.0,0.4780941697391492
55721.0,0.478094169970541
55722.0,0.4780941701028302
55723.0,0.4780941703822358
55724.0,0.47809417053024644
55725.0,0.4780941708280533
55726.0,0.4780941710302779
55727.0,0.47809417124947506
55728.0,0.47809417143315547
55729.0,0.47809417158405415
55730.0,0.4780941716796123
55731.0,0.4780941718264179
55732.0,0.478094171857957
55733.0,0.47809417202063087
55734.0,0.47809417211284144
55735.0,0.47809417224624745
55736.0,0.4780941723164329
55737.0,0.4780941724157147
55738.0,0.47809417261224874
55739.0,0.47809417273169963
55740.0,0.47809417293884604
55741.0,0.47809417315233016
55742.0,0.4780941732854991
55743.0,0.4780941734572114
55744.0,0.4780941735848817
55745.0,0.47809417374866614
55746.0,0.4780941738802096
55747.0,0.47809417406291543
55748.0,0.4780941742649939
55749.0,0.47809417436107815
55750.0,0.47809417459224235
55751.0,0.47809417479353733
55752.0,0.4780941749485678
55753.0,0.47809417516958264
55754.0,0.4780941754110351
55755.0,0.47809417551669886
55756.0,0.4780941757304568
55757.0,0.4780941758348526
55758.0,0.47809417596252274
55759.0,0.4780941760905231
55760.0,0.47809417624522244
55761.0,0.47809417637837703
55762.0,0.4780941766022937
55763.0,0.4780941767047832
55764.0,0.4780941768492877
55765.0,0.47809417707053997
55766.0,0.4780941772642053
55767.0,0.4780941774416654
55768.0,0.4780941776538763
55769.0,0.47809417783279873
55770.0,0.47809417804497556
55771.0,0.47809417826819234
55772.0,0.47809417838889234
55773.0,0.4780941786634381
55774.0,0.4780941788444306
55775.0,0.47809417906375995
55776.0,0.4780941792426649
55777.0,0.47809417942645915
55778.0,0.47809417958339984
55779.0,0.47809417973292545
55780.0,0.47809417991945513
55781.0,0.47809418018265853
55782.0,0.4780941803732205
55783.0,0.4780941805038188
55784.0,0.4780941806812504
55785.0,0.4780941808268029
55786.0,0.4780941809505937
55787.0,0.4780941811005047
55788.0,0.47809418123721836
55789.0,0.4780941813603085
55790.0,0.4780941815826406
55791.0,0.4780941817274189
55792.0,0.47809418201860726
55793.0,0.47809418221557964
55794.0,0.47809418244271373
55795.0,0.4780941826295722
55796.0,0.4780941827602707
55797.0,0.4780941829861216
55798.0,0.4780941831240229
55799.0,0.47809418332884085
55800.0,0.47809418348667687
55801.0,0.4780941836550231
55802.0,0.47809418375162294
55803.0,0.4780941840031978
55804.0,0.4780941841511768
55805.0,0.47809418434427986
55806.0,0.4780941844740225
55807.0,0.47809418462370024
55808.0,0.47809418476261656
55809.0,0.4780941849317435
55810.0,0.4780941850651561
55811.0,0.47809418519113067
55812.0,0.47809418526828246
55813.0,0.47809418545228566
55814.0,0.47809418551174215
55815.0,0.4780941857054233
55816.0,0.47809418586610763
55817.0,0.47809418607855414
55818.0,0.4780941861703867
55819.0,0.4780941864171779
55820.0,0.47809418649900093
55821.0,0.47809418668720804
55822.0,0.47809418683876914
55823.0,0.4780941870344493
55824.0,0.4780941872192784
55825.0,0.4780941874016623
55826.0,0.4780941875487483
55827.0,0.4780941878086332
55828.0,0.47809418803801196
55829.0,0.4780941882378288
55830.0,0.4780941884314951
55831.0,0.4780941886602442
55832.0,0.47809418865557435
55833.0,0.47809418885560695
55834.0,0.4780941889210216
55835.0,0.4780941890225793
55836.0,0.478094189156403
55837.0,0.47809418930696496
55838.0,0.4780941894166317
55839.0,0.47809418962897837
55840.0,0.4780941897837785
55841.0,0.4780941899698934
55842.0,0.478094190079974
55843.0,0.4780941902469089
55844.0,0.4780941903660065
55845.0,0.47809419054730584
55846.0,0.4780941906730428
55847.0,0.4780941908058436
55848.0,0.4780941909730676
55849.0,0.47809419119666385
55850.0,0.4780941913273635
55851.0,0.47809419148103477
55852.0,0.4780941916874437
55853.0,0.4780941918121214
55854.0,0.4780941919675068
55855.0,0.4780941921584093
55856.0,0.4780941922676367
55857.0,0.4780941924085401
55858.0,0.4780941925557317
55859.0,0.4780941927357778
55860.0,0.4780941928642444
55861.0,0.4780941930675379
55862.0,0.47809419322684593
55863.0,0.47809419343329956
55864.0,0.47809419354552934
55865.0,0.4780941936643616
55866.0,0.47809419373389556
55867.0,0.478094193875245
55868.0,0.4780941940081027
55869.0,0.4780941941857767
55870.0,0.4780941942635042
55871.0,0.4780941944206363
55872.0,0.4780941944859203
55873.0,0.47809419471513126
55874.0,0.4780941948792575
55875.0,0.4780941950333756
55876.0,0.4780941952671659
55877.0,0.47809419541839204
55878.0,0.47809419565396594
55879.0,0.4780941958884106
55880.0,0.47809419605663694
55881.0,0.4780941961833711
55882.0,0.4780941963840596
55883.0,0.4780941964558173
55884.0,0.4780941966463828
55885.0,0.4780941968610613
55886.0,0.47809419686557836
55887.0,0.47809419703868883
55888.0,0.47809419700530703
55889.0,0.47809419709122086
55890.0,0.47809419716194024
55891.0,0.47809419725121033
55892.0,0.4780941973806889
55893.0,0.47809419761321487
55894.0,0.4780941977084735
55895.0,0.4780941978488371
55896.0,0.4780941978875567
55897.0,0.47809419804187847
55898.0,0.47809419816158455
55899.0,0.47809419827527977
55900.0,0.47809419842860257
55901.0,0.47809419851398827
55902.0,0.47809419853453256
55903.0,0.478094198753716
55904.0,0.47809419874018055
55905.0,0.47809419887575927
55906.0,0.4780941989669445
55907.0,0.4780941990701487
55908.0,0.47809419916157075
55909.0,0.4780941993845162
55910.0,0.47809419948407517
55911.0,0.47809419966619343
55912.0,0.4780941998423884
55913.0,0.4780941999533502
55914.0,0.4780942001566657
55915.0,0.4780942003327
55916.0,0.4780942004291963
55917.0,0.4780942006292409
55918.0,0.4780942006898781
55919.0,0.47809420079424725
55920.0,0.4780942008699194
55921.0,0.478094201009043
55922.0,0.4780942011551117
55923.0,0.4780942013219064
55924.0,0.4780942014464976
55925.0,0.47809420155127474
55926.0,0.478094201683161
55927.0,0.478094201864004
55928.0,0.4780942019492972
55929.0,0.4780942021192553
55930.0,0.47809420226430244
55931.0,0.478094202346657
55932.0,0.4780942024005146
55933.0,0.4780942025066045
55934.0,0.4780942025477001
55935.0,0.47809420268386243
55936.0,0.4780942027285903
55937.0,0.47809420283851595
55938.0,0.47809420290539306
55939.0,0.4780942030472036
55940.0,0.47809420313986495
55941.0,0.4780942033273757
55942.0,0.4780942034112711
55943.0,0.47809420356771865
55944.0,0.4780942036320039
55945.0,0.47809420376551376
55946.0,0.47809420386440393
55947.0,0.4780942039986139
55948.0,0.47809420408295095
55949.0,0.47809420415667137
55950.0,0.47809420428124966
55951.0,0.478094204386012
55952.0,0.4780942044934922
55953.0,0.4780942045798099
55954.0,0.47809420474151504
55955.0,0.4780942048298579
55956.0,0.4780942049806569
55957.0,0.47809420520965745
55958.0,0.47809420529160773
55959.0,0.4780942054602514
55960.0,0.4780942055525488
55961.0,0.4780942058090379
55962.0,0.4780942059484561
55963.0,0.4780942062098555
55964.0,0.47809420632914545
