"Velocity[i] (m/s)","X (m)","Y (m)","Z (m)"
0,0.05,0.49,0
3.33455882355338e-05,0.05,0.49,0.00999999999999995
3.33539564962848e-05,0.05,0.5,0.01
0,0.05,0.5,0
6.57052696624305e-05,0.05,0.49,0.02
6.57219934510067e-05,0.05,0.5,0.02
0,0.05,0.48,0
3.33204725393443e-05,0.05,0.48,0.01
9.70957717072451e-05,0.05,0.49,0.03
9.7120828286279e-05,0.05,0.5,0.03
6.5655073740345e-05,0.05,0.48,0.02
0,0.05,0.47,0
3.32785762111598e-05,0.05,0.47,0.01
0.000127533776321798,0.05,0.49,0.0399999999999999
0.00012756713113049,0.05,0.5,0.04
9.70205655903555e-05,0.05,0.48,0.03
6.55713392916368e-05,0.05,0.47,0.02
0,0.05,0.46,0
3.3219840588572e-05,0.05,0.46,0.01
0.000157035890879342,0.05,0.49,0.0499999999999999
0.000157077498442959,0.05,0.5,0.05
0.000127433662783005,0.05,0.48,0.04
9.68951080722036e-05,0.05,0.47,0.03
6.54539489914896e-05,0.05,0.46,0.02
0,0.05,0.45,0
3.31441838170576e-05,0.05,0.45,0.01
0.000185618635441642,0.05,0.49,0.0599999999999999
0.000185668439371511,0.05,0.5,0.06
0.000156911006342852,0.05,0.48,0.05
0.000127266654089908,0.05,0.47,0.04
9.67192263487959e-05,0.05,0.46,0.03
6.53027400403516e-05,0.05,0.45,0.02
0,0.05,0.44,0
3.30515013047261e-05,0.05,0.44,0.01
0.000213298411836149,0.05,0.49,0.07
0.000213356346648652,0.05,0.5,0.07
0.000185469150892459,0.05,0.48,0.06
0.000156702673848486,0.05,0.47,0.05
0.000127032522868831,0.05,0.46,0.04
9.64926766755525e-05,0.05,0.45,0.03
6.51175050734309e-05,0.05,0.44,0.02
0,0.05,0.43,0
3.29416639033298e-05,0.05,0.43,0.01
0.00024009148546611,0.05,0.49,0.0799999999999999
0.000240157474763691,0.05,0.5,0.08
0.000213124527363107,0.05,0.48,0.07
0.000185219778359169,0.05,0.47,0.06
0.000156410613271873,0.05,0.46,0.05
0.000126730945339659,0.05,0.45,0.04
9.62151461862959e-05,0.05,0.44,0.03
6.48979848847375e-05,0.05,0.43,0.02
0,0.05,0.42,0
3.28145183630113e-05,0.05,0.42,0.01
0.000266013987129554,0.05,0.49,0.0899999999999999
0.000266087939962745,0.05,0.5,0.09
0.000239893433899852,0.05,0.48,0.08
0.000212834456760902,0.05,0.47,0.07
0.000184870186785702,0.05,0.46,0.06
0.000156034424435347,0.05,0.45,0.05
0.00012636150495382,0.05,0.44,0.04
9.58862492552726e-05,0.05,0.43,0.03
6.46438720650622e-05,0.05,0.42,0.02
0,0.05,0.41,0
3.26698832395778e-05,0.05,0.41,0.01
0.000291081851173658,0.05,0.49,0.0999999999999999
0.000291163669317029,0.05,0.5,0.1
0.000265792034042533,0.05,0.48,0.09
0.000239563058130443,0.05,0.47,0.08
0.000212427814403782,0.05,0.46,0.07
0.000184419903234812,0.05,0.45,0.06
0.000155573587107938,0.05,0.44,0.05
0.000125923690575291,0.05,0.43,0.04
9.55055274971528e-05,0.05,0.42,0.03
6.43548082734924e-05,0.05,0.41,0.02
0,0.05,0.4,0
3.25075534419739e-05,0.05,0.4,0.01
0.000315310819132719,0.05,0.49,0.11
0.000315400393446907,0.05,0.5,0.11
0.000290836294880137,0.05,0.48,0.1
0.000265421796939336,0.05,0.47,0.09
0.000239099917962449,0.05,0.46,0.08
0.000211904050956946,0.05,0.45,0.07
0.000183868305612123,0.05,0.44,0.06
0.000155027468281332,0.05,0.43,0.05
0.000125416894661612,0.05,0.42,0.04
9.5072446129052e-05,0.05,0.41,0.03
6.40303815089283e-05,0.05,0.4,0.02
0,0.05,0.39,0
3.2327297503798e-05,0.05,0.39,0.01
0.000338716410624329,0.05,0.49,0.12
0.000338813624694012,0.05,0.5,0.12
0.000315041979774833,0.05,0.48,0.11
0.000290426687570289,0.05,0.47,0.1
0.000264902781054843,0.05,0.46,0.09
0.000238503391301492,0.05,0.45,0.08
0.00021126244973857,0.05,0.44,0.07
0.000183214637218043,0.05,0.43,0.06
0.000154395311255939,0.05,0.42,0.05
0.000124840407806914,0.05,0.41,0.04
9.45863885135623e-05,0.05,0.4,0.03
6.36701297480613e-05,0.05,0.39,0.02
0,0.05,0.38,0
3.21288525810814e-05,0.05,0.38,0.01
0.00036131389788352,0.05,0.49,0.13
0.000361418628017418,0.05,0.5,0.13
0.000338424637448043,0.05,0.48,0.12
0.00031459353340324,0.05,0.47,0.11
0.000289852483547293,0.05,0.46,0.1
0.000264234287897125,0.05,0.45,0.09
0.000237772659602342,0.05,0.44,0.08
0.000210502130357781,0.05,0.43,0.07
0.000182457999471808,0.05,0.42,0.06
0.000153676232002908,0.05,0.41,0.05
0.000124193413284956,0.05,0.4,0.04
9.4046661615721e-05,0.05,0.39,0.03
6.32735318504274e-05,0.05,0.38,0.02
0,0.05,0.37,0
3.19119271807722e-05,0.05,0.37,0.01
0.000383118342142552,0.05,0.49,0.14
0.000383230450097471,0.05,0.5,0.14
0.000360999576514587,0.05,0.48,0.13
0.000337937941367272,0.05,0.47,0.12
0.000313964897941332,0.05,0.46,0.11
0.000289112911559641,0.05,0.45,0.1
0.000263415415247437,0.05,0.44,0.09
0.000236906729696784,0.05,0.43,0.08
0.0002096220596286,0.05,0.42,0.07
0.000181597340997541,0.05,0.41,0.06
0.000152869219164131,0.05,0.4,0.05
0.0001234749906871,0.05,0.39,0.04
9.34524887270527e-05,0.05,0.38,0.03
6.28400030109333e-05,0.05,0.37,0.02
0,0.05,0.36,0
3.16761993417458e-05,0.05,0.36,0.01
0.000404144513595384,0.05,0.49,0.15
0.000404263861128129,0.05,0.5,0.15
0.000382781872758642,0.05,0.48,0.14
0.000360475271008909,0.05,0.47,0.13
0.000337255696649663,0.05,0.46,0.12
0.000313155236653984,0.05,0.45,0.11
0.000288206996629015,0.05,0.44,0.1
0.000262445057160221,0.05,0.43,0.09
0.000235904441069579,0.05,0.42,0.08
0.000208621026104083,0.05,0.41,0.07
0.000180631457624258,0.05,0.4,0.06
0.000151973134052241,0.05,0.39,0.05
0.000122684108646354,0.05,0.38,0.04
9.28029985516332e-05,0.05,0.37,0.03
6.23689020358142e-05,0.05,0.36,0.02
0,0.05,0.35,0
3.14213157253107e-05,0.05,0.35,0.01
0.000424406884121709,0.05,0.49,0.16
0.000424533325713128,0.05,0.5,0.16
0.000403786318202037,0.05,0.48,0.15
0.000382220627216157,0.05,0.47,0.14
0.000359740304702427,0.05,0.46,0.13
0.000336377008352429,0.05,0.45,0.12
0.000312163487251382,0.05,0.44,0.11
0.000287133530946448,0.05,0.43,0.1
0.000261321918515023,0.05,0.42,0.09
0.000234764418564737,0.05,0.41,0.08
0.000207497632800369,0.05,0.4,0.07
0.000179558992385864,0.05,0.39,0.06
0.00015098669246072,0.05,0.38,0.05
0.000121819617561414,0.05,0.37,0.04
9.20972324820468e-05,0.05,0.36,0.03
6.18595240666764e-05,0.05,0.35,0.02
0,0.05,0.34,0
3.11468866129871e-05,0.05,0.34,0.01
0.00044391965639079,0.05,0.49,0.17
0.000444053031969815,0.05,0.5,0.17
0.000424027413828298,0.05,0.48,0.16
0.000403188838390633,0.05,0.47,0.15
0.00038143389247125,0.05,0.46,0.14
0.000358793731720652,0.05,0.45,0.13
0.000335300734150223,0.05,0.44,0.12
0.000310988347337116,0.05,0.43,0.11
0.000285891073872335,0.05,0.42,0.1
0.000260044478636701,0.05,0.41,0.09
0.000233485086937435,0.05,0.4,0.08
0.00020625031174859,0.05,0.39,0.07
0.00017837841733126,0.05,0.38,0.06
0.000149908468301874,0.05,0.37,0.05
0.000120880245958688,0.05,0.36,0.04
9.13341373234289e-05,0.05,0.35,0.03
6.13110914855497e-05,0.05,0.34,0.02
0,0.05,0.33,0
3.08524868160021e-05,0.05,0.33,0.01
0.000462696691101883,0.05,0.49,0.18
0.000462836833321489,0.05,0.5,0.18
0.000443519376858603,0.05,0.48,0.17
0.00042339444917161,0.05,0.47,0.16
0.000402351324737538,0.05,0.46,0.15
0.000380420657165814,0.05,0.45,0.14
0.000357634336978663,0.05,0.44,0.13
0.000334025469783228,0.05,0.43,0.12
0.000309628245304339,0.05,0.42,0.11
0.000284477959212381,0.05,0.41,0.1
0.000258610991295427,0.05,0.4,0.09
0.000232064678129973,0.05,0.39,0.08
0.000204877302167006,0.05,0.38,0.07
0.000177088037162321,0.05,0.37,0.06
0.000148736889968859,0.05,0.36,0.05
0.000119864591397345,0.05,0.35,0.04
9.05125507415505e-05,0.05,0.34,0.03
6.07227557338774e-05,0.05,0.33,0.02
0,0.05,0.32,0
3.05376515825628e-05,0.05,0.32,0.01
0.000480751521536149,0.05,0.49,0.19
0.000480898263049312,0.05,0.5,0.19
0.000462276097096037,0.05,0.48,0.18
0.000442851713160053,0.05,0.47,0.17
0.000422507204348221,0.05,0.46,0.16
0.000401272714952938,0.05,0.45,0.15
0.000379179633455351,0.05,0.44,0.14
0.00035626062162919,0.05,0.43,0.13
0.000332549534505233,0.05,0.42,0.12
0.000308081369439606,0.05,0.41,0.11
0.000282892280665692,0.05,0.4,0.1
0.00025701948106871,0.05,0.39,0.09
0.000230501194891986,0.05,0.38,0.08
0.000203376646823017,0.05,0.37,0.07
0.00017568598195794,0.05,0.36,0.06
0.000147470211231848,0.05,0.35,0.05
0.000118771118650329,0.05,0.34,0.04
8.96312049007975e-05,0.05,0.33,0.03
6.00935918555479e-05,0.05,0.32,0.02
0,0.05,0.31,0
3.02018729598785e-05,0.05,0.31,0.01
0.000498097389936447,0.05,0.49,0.2
0.000498250563396141,0.05,0.5,0.2
0.000480311122373678,0.05,0.48,0.19
0.000461574549262878,0.05,0.47,0.18
0.000441915843111929,0.05,0.46,0.17
0.000421364580688532,0.05,0.45,0.16
0.000399951655708719,0.05,0.44,0.15
0.000377709242457058,0.05,0.43,0.14
0.00035467079578666,0.05,0.42,0.13
0.000330870978359599,0.05,0.41,0.12
0.000306345660646912,0.05,0.4,0.11
0.000281131869996898,0.05,0.39,0.1
0.000255267725151498,0.05,0.38,0.09
0.000228792425332358,0.05,0.37,0.08
0.000201746177481255,0.05,0.36,0.07
0.000174170181708178,0.05,0.35,0.06
0.000146106529427925,0.05,0.34,0.05
0.000117598146971432,0.05,0.33,0.04
8.86887210072018e-05,0.05,0.32,0.03
5.94225866734632e-05,0.05,0.31,0.02
0,0.05,0.3,0
2.98445993394125e-05,0.05,0.3,0.01
0.000514747152919881,0.05,0.49,0.21
0.000514906569151208,0.05,0.5,0.21
0.000497637694934383,0.05,0.48,0.2
0.00047957654169295,0.05,0.47,0.19
0.000460591196315363,0.05,0.46,0.18
0.000440710624388885,0.05,0.45,0.17
0.000419965159380808,0.05,0.44,0.16
0.000398386480810586,0.05,0.43,0.15
0.000376007592421956,0.05,0.42,0.14
0.000352862785803154,0.05,0.41,0.13
0.00032898758945521,0.05,0.4,0.12
0.000304418768791948,0.05,0.39,0.11
0.000279194297036156,0.05,0.38,0.1
0.000253353282460012,0.05,0.37,0.09
0.000226935924729332,0.05,0.36,0.08
0.000199983514903579,0.05,0.35,0.07
0.000172538373590214,0.05,0.34,0.06
0.000144643767271191,0.05,0.33,0.05
0.000116343848276301,0.05,0.32,0.04
8.76835892995587e-05,0.05,0.31,0.03
5.87086406085291e-05,0.05,0.3,0.02
0,0.05,0.29,0
2.94652299999143e-05,0.05,0.29,0.01
0.000530713310581632,0.05,0.49,0.22
0.000530878780409694,0.05,0.5,0.22
0.000514268715051003,0.05,0.48,0.21
0.000496870954521,0.05,0.47,0.2
0.000478546906379052,0.05,0.46,0.19
0.00045932485954836,0.05,0.45,0.18
0.000439234579971526,0.05,0.44,0.17
0.000418307186919265,0.05,0.43,0.16
0.000396575203922112,0.05,0.42,0.15
0.000374072493286803,0.05,0.41,0.14
0.000350834226992447,0.05,0.4,0.13
0.000326896843034774,0.05,0.39,0.12
0.000302298074529972,0.05,0.38,0.11
0.000277076891507022,0.05,0.37,0.1
0.000251273439062061,0.05,0.36,0.09
0.000224929008254549,0.05,0.35,0.08
0.000198086054297164,0.05,0.34,0.07
0.000170788091054419,0.05,0.33,0.06
0.00014307965466287,0.05,0.32,0.05
0.000115006232590531,0.05,0.31,0.04
8.6614169049426e-05,0.05,0.3,0.03
5.79505567657179e-05,0.05,0.29,0.02
0,0.05,0.28,0
2.90631114694406e-05,0.05,0.28,0.01
0.000546007984667085,0.05,0.49,0.23
0.000546179333468899,0.05,0.5,0.23
0.000530216682818718,0.05,0.48,0.22
0.00051347071712371,0.05,0.47,0.21
0.000495796259201597,0.05,0.46,0.2
0.000477220986795146,0.05,0.45,0.19
0.000457774003734812,0.05,0.44,0.18
0.000437485876318533,0.05,0.43,0.17
0.000416388582380023,0.05,0.42,0.16
0.000394515518564731,0.05,0.41,0.15
0.00037190144212218,0.05,0.4,0.14
0.000348582441802137,0.05,0.39,0.13
0.000324595930578653,0.05,0.38,0.12
0.000299980674753897,0.05,0.37,0.11
0.000274776684818789,0.05,0.36,0.1
0.000249025211815024,0.05,0.35,0.09
0.000222768740059109,0.05,0.34,0.08
0.000196050943486625,0.05,0.33,0.07
0.000168916638358496,0.05,0.32,0.06
0.000141411725053331,0.05,0.31,0.05
0.000113583126221783,0.05,0.3,0.04
8.54786740092095e-05,0.05,0.29,0.03
5.71470309296274e-05,0.05,0.28,0.02
0,0.05,0.27,0
2.863753161364e-05,0.05,0.27,0.0100000000000001
0.00056064291857183,0.05,0.49,0.24
0.000560819957172498,0.05,0.5,0.24
0.00054549373453483,0.05,0.48,0.23
0.000529388344148174,0.05,0.47,0.22
0.000512352213263512,0.05,0.46,0.21
0.000494412335683592,0.05,0.45,0.2
0.000475597196782473,0.05,0.44,0.19
0.000455936729849782,0.05,0.43,0.18
0.000435462352470495,0.05,0.42,0.17
0.000414206944697071,0.05,0.41,0.16
0.000392204798117746,0.05,0.4,0.15
0.000369491608580574,0.05,0.39,0.14
0.000346104439813644,0.05,0.38,0.13
0.000322081745252945,0.05,0.37,0.12
0.000297463360766415,0.05,0.36,0.11
0.000272290410066489,0.05,0.35,0.1
0.000246605348365847,0.05,0.34,0.09
0.000220451907807728,0.05,0.33,0.08
0.00019387507927604,0.05,0.32,0.07
0.000166921083291527,0.05,0.31,0.06
0.000139637289976235,0.05,0.3,0.05
0.000112072160845855,0.05,0.29,0.04
8.42751596792368e-05,0.05,0.28,0.03
5.62966461075121e-05,0.05,0.27,0.0200000000000001
0,0.05,0.26,0
2.81877155430266e-05,0.05,0.26,0.01
0.00057462950644549,0.05,0.49,0.25
0.000574812031118199,0.05,0.5,0.25
0.000560111628146842,0.05,0.48,0.24
0.000544636000995524,0.05,0.47,0.23
0.000528227348695509,0.05,0.46,0.22
0.000510911908349954,0.05,0.45,0.21
0.000492717568704393,0.05,0.44,0.2
0.000473673586384393,0.05,0.43,0.19
0.000453810804174282,0.05,0.42,0.18
0.00043316151277395,0.05,0.41,0.17
0.00041175952355843,0.05,0.4,0.16
0.000389640073990449,0.05,0.39,0.15
0.000366839834896382,0.05,0.38,0.14
0.000343396903190296,0.05,0.37,0.13
0.000319350845529698,0.05,0.36,0.12
0.000294742603728082,0.05,0.35,0.11
0.000269614509306848,0.05,0.34,0.1
0.000244010287133278,0.05,0.33,0.09
0.000217975011764793,0.05,0.32,0.08
0.000191555089259055,0.05,0.31,0.07
0.000164798238984076,0.05,0.3,0.06
0.000137753420858644,0.05,0.29,0.05
0.000110470769868698,0.05,0.28,0.04
8.30015142128104e-05,0.05,0.27,0.0300000000000001
5.53978607058525e-05,0.05,0.26,0.02
0,0.05,0.25,0
2.77128187917697e-05,0.05,0.25,0.01
0.000587978691328317,0.05,0.49,0.26
0.000588166498346254,0.05,0.5,0.26
0.000574081743252464,0.05,0.48,0.25
0.000559225474717095,0.05,0.47,0.24
0.000543433823622763,0.05,0.46,0.23
0.000526732343132608,0.05,0.45,0.22
0.000509148158016615,0.05,0.44,0.21
0.000490709935547784,0.05,0.43,0.2
0.000471447849122342,0.05,0.42,0.19
0.000451393629191443,0.05,0.41,0.18
0.000430580497777555,0.05,0.4,0.17
0.000409043226682115,0.05,0.39,0.16
0.000386818021070212,0.05,0.38,0.15
0.000363942606782075,0.05,0.37,0.14
0.000340456186677329,0.05,0.36,0.13
0.000316399455186911,0.05,0.35,0.12
0.000291814547381364,0.05,0.34,0.11
0.000266745089902543,0.05,0.33,0.1
0.000241236157307867,0.05,0.32,0.09
0.000215334250242449,0.05,0.31,0.08
0.000189087302715052,0.05,0.3,0.07
0.00016254464208032,0.05,0.29,0.06
0.000135756945383037,0.05,0.28,0.05
0.000108776164779556,0.05,0.27,0.04
8.16554402263137e-05,0.05,0.26,0.03
5.4448990340461e-05,0.05,0.25,0.02
0,0.05,0.24,0
2.7211916858505e-05,0.05,0.24,0.01
0.000600701037910767,0.05,0.49,0.27
0.000600893923547119,0.05,0.5,0.27
0.000587415066547692,0.05,0.48,0.26
0.000573168144910596,0.05,0.47,0.25
0.000557983468752354,0.05,0.46,0.24
0.00054188584908843,0.05,0.45,0.23
0.000524901653989218,0.05,0.44,0.22
0.000507058881339617,0.05,0.43,0.21
0.000488387056975625,0.05,0.42,0.2
0.000468917307443917,0.05,0.41,0.19
0.000448682243586518,0.05,0.4,0.18
0.000427716091508046,0.05,0.39,0.17
0.000406054576160386,0.05,0.38,0.16
0.000383734964998439,0.05,0.37,0.15
0.000360796082532033,0.05,0.36,0.14
0.000337278281222098,0.05,0.35,0.13
0.000313223441480659,0.05,0.34,0.12
0.000288675000774674,0.05,0.33,0.11
0.000263677931798156,0.05,0.32,0.1
0.000238278753386112,0.05,0.31,0.09
0.00021252550141071,0.05,0.3,0.08
0.000186467736057239,0.05,0.29,0.07
0.000160156530910172,0.05,0.28,0.06
0.000133644418383483,0.05,0.27,0.05
0.000106985306047136,0.05,0.26,0.04
8.02344311523484e-05,0.05,0.25,0.03
5.34481960130506e-05,0.05,0.24,0.02
0,0.05,0.23,0
2.66840011136082e-05,0.05,0.23,0.01
0.00061280676163733,0.05,0.49,0.28
0.000613004522165284,0.05,0.5,0.28
0.000600122177274898,0.05,0.48,0.27
0.000586475027375855,0.05,0.47,0.26
0.000571887721889652,0.05,0.46,0.25
0.000556384271476418,0.05,0.45,0.24
0.000539990331162699,0.05,0.44,0.23
0.000522733171237633,0.05,0.43,0.22
0.000504641633597203,0.05,0.42,0.21
0.000485746197227854,0.05,0.41,0.2
0.000466078898170963,0.05,0.4,0.19
0.000445673322246876,0.05,0.39,0.18
0.000424564677814487,0.05,0.38,0.17
0.000402789730287623,0.05,0.37,0.16
0.000380386867618654,0.05,0.36,0.15
0.000357396034814883,0.05,0.35,0.14
0.00033385879942216,0.05,0.34,0.13
0.000309818322421052,0.05,0.33,0.12
0.000285319409158546,0.05,0.32,0.11
0.000260408451140393,0.05,0.31,0.1
0.000235133520618547,0.05,0.3,0.09
0.000209544283279683,0.05,0.29,0.08
0.000183692067366792,0.05,0.28,0.07
0.000157629827299388,0.05,0.27,0.06
0.000131412081827875,0.05,0.26,0.05
0.000105094890386681,0.05,0.25,0.0399999999999999
7.87357530498412e-05,0.05,0.24,0.03
5.23934704688145e-05,0.05,0.23,0.02
0,0.05,0.22,0
2.61279669757641e-05,0.05,0.22,0.01
0.000624305583187379,0.05,0.49,0.29
0.000624508014880121,0.05,0.5,0.29
0.000612213261774741,0.05,0.48,0.28
0.000599156715907156,0.05,0.47,0.27
0.000585157569730654,0.05,0.46,0.26
0.000570239062653854,0.05,0.45,0.25
0.000554426063899882,0.05,0.44,0.24
0.000537745116162114,0.05,0.43,0.23
0.000520224377396517,0.05,0.42,0.22
0.000501893606269732,0.05,0.41,0.21
0.000482784213090781,0.05,0.4,0.2
0.000462929187051486,0.05,0.39,0.19
0.000442363125330303,0.05,0.38,0.18
0.00042112226219615,0.05,0.37,0.17
0.000399244483560324,0.05,0.36,0.16
0.000376769290596712,0.05,0.35,0.15
0.000353737843397539,0.05,0.34,0.14
0.000330192982801236,0.05,0.33,0.13
0.000306179237668402,0.05,0.32,0.12
0.000281742817605846,0.05,0.31,0.11
0.000256931671174243,0.05,0.3,0.1
0.000231795504078036,0.05,0.29,0.09
0.000206385742785642,0.05,0.28,0.08
0.000180755618202966,0.05,0.27,0.07
0.000154960092913825,0.05,0.26,0.06
0.00012905586117995,0.05,0.25,0.0499999999999999
0.000103101314380183,0.05,0.24,0.0399999999999999
7.71564191381913e-05,0.05,0.23,0.03
5.12826163685531e-05,0.05,0.22,0.02
0,0.05,0.21,0
2.55425989053037e-05,0.05,0.21,0.01
0.000635206830338575,0.05,0.49,0.3
0.000635413714917377,0.05,0.5,0.3
0.000623698069830425,0.05,0.48,0.29
0.000611223396845162,0.05,0.47,0.28
0.000597803635173477,0.05,0.46,0.27
0.000583461252972484,0.05,0.45,0.26
0.000568220348213799,0.05,0.44,0.25
0.000552106663235463,0.05,0.43,0.24
0.000535147657501511,0.05,0.42,0.23
0.00051737240573857,0.05,0.41,0.22
0.00049881158338394,0.05,0.4,0.21
0.000479497561173048,0.05,0.39,0.2
0.000459464332379866,0.05,0.38,0.19
0.000438747527368832,0.05,0.37,0.18
0.000417384486354422,0.05,0.36,0.17
0.000395414215745404,0.05,0.35,0.16
0.000372877402696759,0.05,0.34,0.15
0.000349816502421163,0.05,0.33,0.14
0.000326275679981336,0.05,0.32,0.13
0.000302300890325569,0.05,0.31,0.12
0.00027793986373581,0.05,0.3,0.11
0.000253242204053095,0.05,0.29,0.1
0.000228259348659776,0.05,0.28,0.09
0.000203044633963145,0.05,0.27,0.08
0.000177653302671388,0.05,0.26,0.07
0.000152142511069542,0.05,0.25,0.0599999999999999
0.00012657132174354,0.05,0.24,0.0499999999999999
0.000101000641734572,0.05,0.23,0.0399999999999999
7.549316251243e-05,0.05,0.22,0.03
5.01132190038334e-05,0.05,0.21,0.02
0,0.05,0.2,0
2.49265563070367e-05,0.05,0.2,0.01
0.000645519452518784,0.05,0.49,0.31
0.000645730586256832,0.05,0.5,0.31
0.000634585943771526,0.05,0.48,0.3
0.000622684849076904,0.05,0.47,0.29
0.000609836148214526,0.05,0.46,0.28
0.000596061508986168,0.05,0.45,0.27
0.000581384258111939,0.05,0.44,0.26
0.000565829366678372,0.05,0.43,0.25
0.000549423493794166,0.05,0.42,0.24
0.00053219503024593,0.05,0.41,0.23
0.000514173967530951,0.05,0.4,0.22
0.000495391919685062,0.05,0.39,0.21
0.00047588229062967,0.05,0.38,0.2
0.000455680077720899,0.05,0.37,0.19
0.000434822017268743,0.05,0.36,0.18
0.000413346555433236,0.05,0.35,0.17
0.000391293884604238,0.05,0.34,0.16
0.000368705972505268,0.05,0.33,0.15
0.000345626584021375,0.05,0.32,0.14
0.000322101295751054,0.05,0.31,0.13
0.000298177561489865,0.05,0.3,0.12
0.000273904763162136,0.05,0.29,0.11
0.000249334232648835,0.05,0.28,0.1
0.000224519273615442,0.05,0.27,0.09
0.000199515252461424,0.05,0.26,0.08
0.000174379601958208,0.05,0.25,0.07
0.000149171850353014,0.05,0.24,0.0599999999999999
0.000123953614092898,0.05,0.23,0.0499999999999999
9.87885723588988e-05,0.05,0.22,0.04
7.37423961254535e-05,0.05,0.21,0.03
4.88826153741684e-05,0.05,0.2,0.02
0,0.05,0.19,0
2.4278356704599e-05,0.05,0.19,0.01
0.000655251948046498,0.05,0.49,0.32
0.00065546712721698,0.05,0.5,0.32
0.000644885818473995,0.05,0.48,0.31
0.00063355041493196,0.05,0.47,0.3
0.000621264887740836,0.05,0.46,0.29
0.000608050075243227,0.05,0.45,0.28
0.000593928474700078,0.05,0.44,0.27
0.000578924315050244,0.05,0.43,0.26
0.000563063484150916,0.05,0.42,0.25
0.000546373557881452,0.05,0.41,0.24
0.000528883872902952,0.05,0.4,0.23
0.000510625322931446,0.05,0.39,0.22
0.000491630584292579,0.05,0.38,0.21
0.000471934035886079,0.05,0.37,0.2
0.000451571766461711,0.05,0.36,0.19
0.000430581632826943,0.05,0.35,0.18
0.000409003238019068,0.05,0.34,0.17
0.000386878040444572,0.05,0.33,0.16
0.000364249317499343,0.05,0.32,0.15
0.000341162201948464,0.05,0.31,0.14
0.000317663769237697,0.05,0.3,0.13
0.000293803095701151,0.05,0.29,0.12
0.000269631265837234,0.05,0.28,0.11
0.000245201463258127,0.05,0.27,0.1
0.000220569003431592,0.05,0.26,0.09
0.000195791424630443,0.05,0.25,0.08
0.000170928527950309,0.05,0.24,0.07
0.000146042395499535,0.05,0.23,0.0599999999999999
0.000121197446787846,0.05,0.22,0.05
9.64603859756608e-05,0.05,0.21,0.04
7.19001709512668e-05,0.05,0.2,0.03
4.75878623547032e-05,0.05,0.19,0.02
0,0.05,0.18,0
2.35963561863173e-05,0.05,0.18,0.01
0.000664412407786585,0.05,0.49,0.33
0.000664631399558857,0.05,0.5,0.33
0.000654606206808239,0.05,0.48,0.32
0.000643829043838196,0.05,0.47,0.31
0.000632099210633896,0.05,0.46,0.3
0.000619436730630696,0.05,0.45,0.29
0.000605863271630369,0.05,0.44,0.28
0.000591402233112603,0.05,0.43,0.27
0.000576078760786913,0.05,0.42,0.26
0.00055991965928115,0.05,0.41,0.25
0.00054295345034916,0.05,0.4,0.24
0.000525210387422703,0.05,0.39,0.23
0.000506722382851876,0.05,0.38,0.22
0.000487523117044475,0.05,0.37,0.21
0.00046764802391408,0.05,0.36,0.2
0.000447134312707931,0.05,0.35,0.19
0.000426020982558839,0.05,0.34,0.18
0.000404348895244766,0.05,0.33,0.17
0.00038216078246478,0.05,0.32,0.16
0.000359501274942886,0.05,0.31,0.15
0.000336416997015476,0.05,0.3,0.14
0.000312956595735159,0.05,0.29,0.13
0.00028917082818225,0.05,0.28,0.12
0.000265112612396479,0.05,0.27,0.11
0.000240837092860602,0.05,0.26,0.1
0.000216401749639772,0.05,0.25,0.0899999999999999
0.000191866456589196,0.05,0.24,0.08
0.000167293550475733,0.05,0.23,0.07
0.000142747921927366,0.05,0.22,0.06
0.000118297024528147,0.05,0.21,0.05
9.40108984650578e-05,0.05,0.2,0.04
6.99621286912588e-05,0.05,0.19,0.03
4.6225696678448e-05,0.05,0.18,0.02
0,0.05,0.17,0
2.28787193918834e-05,0.05,0.17,0.01
0.000673008456942625,0.05,0.49,0.34
0.000673231057589874,0.05,0.5,0.34
0.000663755199639127,0.05,0.48,0.33
0.000653529263217933,0.05,0.47,0.32
0.000642348080873489,0.05,0.46,0.31
0.000630230861133896,0.05,0.45,0.3
0.000617198456893675,0.05,0.44,0.29
0.000603273423621431,0.05,0.43,0.28
0.000588480092119426,0.05,0.42,0.27
0.000572844539419748,0.05,0.41,0.26
0.000556394443265162,0.05,0.4,0.25
0.000539159329491667,0.05,0.39,0.24
0.000521170397405513,0.05,0.38,0.23
0.000502460592542775,0.05,0.37,0.22
0.000483064628497232,0.05,0.36,0.21
0.000463019037852064,0.05,0.35,0.2
0.000442362172179855,0.05,0.34,0.19
0.000421134260250255,0.05,0.33,0.18
0.000399377415305935,0.05,0.32,0.17
0.000377135707822163,0.05,0.31,0.16
0.000354455230990425,0.05,0.3,0.15
0.000331384137098212,0.05,0.29,0.14
0.000307972746668383,0.05,0.28,0.13
0.000284273577562999,0.05,0.27,0.12
0.000260341497778427,0.05,0.26,0.11
0.000236233769101091,0.05,0.25,0.0999999999999999
0.000212010159884812,0.05,0.24,0.0899999999999999
0.000187733061466133,0.05,0.23,0.08
0.000163467575475806,0.05,0.22,0.07
0.00013928162297816,0.05,0.21,0.06
0.000115245993583812,0.05,0.2,0.05
9.14343963813735e-05,0.05,0.19,0.0399999999999999
6.79234353810898e-05,0.05,0.18,0.03
4.47924803665956e-05,0.05,0.17,0.02
0,0.05,0.16,0
2.21233872252924e-05,0.05,0.16,0.0100000000000001
0.000681047313264571,0.05,0.49,0.35
0.000681273319059983,0.05,0.5,0.35
0.000672340422170237,0.05,0.48,0.34
0.000662659134832211,0.05,0.47,0.33
0.000652020040433854,0.05,0.46,0.32
0.000640441445284523,0.05,0.45,0.31
0.000627943431027234,0.05,0.44,0.3
0.000614547738223337,0.05,0.43,0.29
0.00060027782456018,0.05,0.42,0.28
0.000585158966714516,0.05,0.41,0.27
0.000569218129385263,0.05,0.4,0.26
0.000552483950741589,0.05,0.39,0.25
0.000534986931597814,0.05,0.38,0.24
0.000516759275342338,0.05,0.37,0.23
0.000497834938869346,0.05,0.36,0.22
0.000478249778097961,0.05,0.35,0.21
0.000458041395177133,0.05,0.34,0.2
0.000437249364040326,0.05,0.33,0.19
0.000415915157645941,0.05,0.32,0.18
0.000394082184357103,0.05,0.31,0.17
0.00037179595528869,0.05,0.3,0.16
0.000349104055203497,0.05,0.29,0.15
0.000326056266203523,0.05,0.28,0.14
0.00030270463321358,0.05,0.27,0.13
0.000279103594948538,0.05,0.26,0.12
0.000255310053034918,0.05,0.25,0.11
0.000231383532081963,0.05,0.24,0.0999999999999999
0.000207386259717168,0.05,0.23,0.0899999999999999
0.000183383333933307,0.05,0.22,0.08
0.000159442857693648,0.05,0.21,0.07
0.00013563604443334,0.05,0.2,0.06
0.000112037358121597,0.05,0.19,0.0499999999999999
8.87245514604729e-05,0.05,0.18,0.0399999999999999
6.57787149975775e-05,0.05,0.17,0.03
4.32841379733873e-05,0.05,0.16,0.0200000000000001
0,0.05,0.15,0
2.13280382013181e-05,0.05,0.15,0.01
0.000688535757944919,0.05,0.49,0.36
0.000688764936057851,0.05,0.5,0.36
0.000680369106703438,0.05,0.48,0.35
0.000671226312988438,0.05,0.47,0.34
0.000661123151076026,0.05,0.46,0.33
0.000650077039608732,0.05,0.45,0.32
0.000638107201666571,0.05,0.44,0.31
0.000625234592007473,0.05,0.43,0.3
0.000611481838859618,0.05,0.42,0.29
0.000596873331232928,0.05,0.41,0.28
0.00058143530623056,0.05,0.4,0.27
0.000565195587114431,0.05,0.39,0.26
0.000548183845239691,0.05,0.38,0.25
0.00053043155639898,0.05,0.37,0.24
0.000511971913510934,0.05,0.36,0.23
0.000492840008519124,0.05,0.35,0.22
0.000473072766908444,0.05,0.34,0.21
0.000452708969532978,0.05,0.33,0.2
0.000431789427238982,0.05,0.32,0.19
0.000410356864449568,0.05,0.31,0.18
0.000388456115615554,0.05,0.3,0.17
0.000366134132491425,0.05,0.29,0.16
0.000343440078722779,0.05,0.28,0.15
0.000320425446261652,0.05,0.27,0.14
0.000297144120850135,0.05,0.26,0.13
0.000273652527539525,0.05,0.25,0.12
0.00025000977984746,0.05,0.24,0.11
0.000226277777983341,0.05,0.23,0.0999999999999999
0.000202521398023237,0.05,0.22,0.09
0.00017880866289488,0.05,0.21,0.08
0.000155210920638638,0.05,0.2,0.07
0.000131803000840591,0.05,0.19,0.0599999999999999
0.000108663387436536,0.05,0.18,0.0499999999999999
8.58743405842688e-05,0.05,0.17,0.04
6.35219548712485e-05,0.05,0.16,0.0300000000000001
4.16960783695686e-05,0.05,0.15,0.02
0,0.05,0.14,0
2.04900347853254e-05,0.05,0.14,0.01
0.000695480121066794,0.05,0.49,0.37
0.000695712253218517,0.05,0.5,0.37
0.000687848034431227,0.05,0.48,0.36
0.000679238044540398,0.05,0.47,0.35
0.000669665067107417,0.05,0.46,0.34
0.000659145720419474,0.05,0.45,0.33
0.000647698325337842,0.05,0.44,0.32
0.000635342992609367,0.05,0.43,0.31
0.000622101564658806,0.05,0.42,0.3
0.000607997571933083,0.05,0.41,0.29
0.000593056378420442,0.05,0.4,0.28
0.000577305108890869,0.05,0.39,0.27
0.000560772532480769,0.05,0.38,0.26
0.000543489353731275,0.05,0.37,0.25
0.000525488023413345,0.05,0.36,0.24
0.000506802796735428,0.05,0.35,0.23
0.000487469893414527,0.05,0.34,0.22
0.000467527344881091,0.05,0.33,0.21
0.000447015154350083,0.05,0.32,0.2
0.000425975376856513,0.05,0.31,0.19
0.000404452097427566,0.05,0.3,0.18
0.000382491576601751,0.05,0.29,0.17
0.000360142294084653,0.05,0.28,0.16
0.000337455072440207,0.05,0.27,0.15
0.000314483171678148,0.05,0.26,0.14
0.000291282434773166,0.05,0.25,0.13
0.000267911396804266,0.05,0.24,0.12
0.000244431495957542,0.05,0.23,0.11
0.000220907182665542,0.05,0.22,0.1
0.000197406170627801,0.05,0.21,0.09
0.000173999647813616,0.05,0.2,0.08
0.000150762483826838,0.05,0.19,0.07
0.000127773464555503,0.05,0.18,0.0599999999999999
0.000105115523183485,0.05,0.17,0.05
8.2875923908432e-05,0.05,0.16,0.04
6.11463919995003e-05,0.05,0.15,0.03
4.00230924242351e-05,0.05,0.14,0.02
0,0.05,0.13,0
1.96063565454097e-05,0.05,0.13,0.01
0.000701886339811608,0.05,0.49,0.38
0.000702121207723394,0.05,0.5,0.38
0.000694783520884812,0.05,0.48,0.37
0.000686701096128672,0.05,0.47,0.36
0.000677653035381809,0.05,0.46,0.35
0.000667655142024159,0.05,0.45,0.34
0.000656724892905913,0.05,0.44,0.33
0.000644881525659002,0.05,0.43,0.32
0.000632146024145186,0.05,0.42,0.31
0.000618541147559881,0.05,0.41,0.3
0.000604091343120672,0.05,0.4,0.29
0.000588822949794121,0.05,0.39,0.28
0.000572763936361298,0.05,0.38,0.27
0.000555944134248421,0.05,0.37,0.26
0.000538395237526856,0.05,0.36,0.25
0.000520150715601631,0.05,0.35,0.24
0.000501245944178663,0.05,0.34,0.23
0.000481718227092642,0.05,0.33,0.22
0.000461606767203193,0.05,0.32,0.21
0.000440952826465946,0.05,0.31,0.2
0.00041979974048445,0.05,0.3,0.19
0.000398193020373583,0.05,0.29,0.18
0.000376180389139336,0.05,0.28,0.17
0.000353811934473924,0.05,0.27,0.16
0.000331140188791323,0.05,0.26,0.15
0.000308220303850248,0.05,0.25,0.14
0.000285110145341605,0.05,0.24,0.13
0.000261870511167217,0.05,0.23,0.12
0.00023856527695898,0.05,0.22,0.11
0.000215261632547481,0.05,0.21,0.1
0.000192030343896477,0.05,0.2,0.09
0.000168946015037363,0.05,0.19,0.08
0.000146087346365675,0.05,0.18,0.07
0.000123537472973112,0.05,0.17,0.06
0.000101384241133928,0.05,0.16,0.05
7.97205102571752e-05,0.05,0.15,0.0399999999999999
5.86443766223965e-05,0.05,0.14,0.03
3.8259226585069e-05,0.05,0.13,0.02
0,0.05,0.12,0
1.86735142051475e-05,0.05,0.12,0.01
0.000707759885699488,0.05,0.49,0.39
0.000707997271092609,0.05,0.5,0.39
0.000701181517797522,0.05,0.48,0.38
0.000693621797836386,0.05,0.47,0.37
0.000685093851643614,0.05,0.46,0.36
0.000675612565828487,0.05,0.45,0.35
0.000665194587782025,0.05,0.44,0.34
0.000653858311125077,0.05,0.43,0.33
0.000641623846604489,0.05,0.42,0.32
0.000628513094852678,0.05,0.41,0.31
0.000614549717283808,0.05,0.4,0.3
0.000599759121541865,0.05,0.39,0.29
0.000584168534260243,0.05,0.38,0.28
0.000567806913750246,0.05,0.37,0.27
0.000550705110072158,0.05,0.36,0.26
0.000532895835931413,0.05,0.35,0.25
0.000514413593919016,0.05,0.34,0.24
0.000495294887514319,0.05,0.33,0.23
0.00047557814832544,0.05,0.32,0.22
0.000455303787020966,0.05,0.31,0.21
0.00043451434612507,0.05,0.3,0.2
0.000413254521845374,0.05,0.29,0.19
0.000391571244108491,0.05,0.28,0.18
0.000369513800251298,0.05,0.27,0.17
0.000347133922332432,0.05,0.26,0.16
0.000324485954479314,0.05,0.25,0.15
0.000301627012959216,0.05,0.24,0.14
0.000278617117146496,0.05,0.23,0.13
0.000255519404163351,0.05,0.22,0.12
0.000232400376262376,0.05,0.21,0.11
0.000209330148209119,0.05,0.2,0.1
0.000186382763786241,0.05,0.19,0.0899999999999999
0.000163636512297671,0.05,0.18,0.08
0.000141174285090528,0.05,0.17,0.07
0.000119083975732792,0.05,0.16,0.06
9.74588929238962e-05,0.05,0.15,0.0499999999999999
7.6398186138249e-05,0.05,0.14,0.0399999999999999
5.60071875952417e-05,0.05,0.13,0.03
3.63976178050507e-05,0.05,0.12,0.02
0,0.05,0.11,0
1.76874295902962e-05,0.05,0.11,0.01
0.000713105808245018,0.05,0.49,0.4
0.00071334550739266,0.05,0.5,0.4
0.000707047511241399,0.05,0.48,0.39
0.000700006101396866,0.05,0.47,0.38
0.000691993860527873,0.05,0.46,0.37
0.000683024802128784,0.05,0.45,0.36
0.000673114671371877,0.05,0.44,0.35
0.000662281046970747,0.05,0.43,0.34
0.000650543166557327,0.05,0.42,0.33
0.000637922057649121,0.05,0.41,0.32
0.000624440552201122,0.05,0.4,0.31
0.000610123199294321,0.05,0.39,0.3
0.000594996381551027,0.05,0.38,0.29
0.000579088227823377,0.05,0.37,0.28
0.000562428729608655,0.05,0.36,0.27
0.000545049755601212,0.05,0.35,0.26
0.000526985008036718,0.05,0.34,0.25
0.00050827011000365,0.05,0.33,0.24
0.000488942678202875,0.05,0.32,0.23
0.000469042286567856,0.05,0.31,0.22
0.000448610633611679,0.05,0.3,0.21
0.000427691556978971,0.05,0.29,0.2
0.000406331135309301,0.05,0.28,0.19
0.000384577797376551,0.05,0.27,0.18
0.000362482431228273,0.05,0.26,0.17
0.000340098486049101,0.05,0.25,0.16
0.00031748221226735,0.05,0.24,0.15
0.000294692763418425,0.05,0.23,0.14
0.000271792407147586,0.05,0.22,0.13
0.000248846776230494,0.05,0.21,0.12
0.000225925163249485,0.05,0.2,0.11
0.000203100800717948,0.05,0.19,0.0999999999999999
0.000180451253982028,0.05,0.18,0.0899999999999999
0.000158058795932448,0.05,0.17,0.08
0.000136010883579729,0.05,0.16,0.07
0.000114400656457292,0.05,0.15,0.0599999999999999
9.33275150600821e-05,0.05,0.14,0.0499999999999999
7.28976901882561e-05,0.05,0.13,0.0399999999999999
5.32248077433906e-05,0.05,0.12,0.03
3.44302711710043e-05,0.05,0.11,0.02
0,0.05,0.1,0
1.66432801051997e-05,0.05,0.1,0.0100000000000001
0.00071792870585341,0.05,0.49,0.41
0.000718170485924929,0.05,0.5,0.41
0.000712386521627195,0.05,0.48,0.4
0.000705859492882155,0.05,0.47,0.39
0.000698358999215998,0.05,0.46,0.38
0.00068989819556009,0.05,0.45,0.37
0.000680491953971796,0.05,0.44,0.36
0.000670156980049796,0.05,0.43,0.35
0.000658911681966856,0.05,0.42,0.34
0.000646776199573651,0.05,0.41,0.33
0.000633772477158345,0.05,0.4,0.32
0.000619924277998507,0.05,0.39,0.31
0.000605257067945786,0.05,0.38,0.3
0.000589798160945065,0.05,0.37,0.29
0.000573576689930633,0.05,0.36,0.28
0.000556623606826179,0.05,0.35,0.27
0.00053897185716778,0.05,0.34,0.26
0.000520656132721342,0.05,0.33,0.25
0.000501713220728561,0.05,0.32,0.24
0.000482181829283945,0.05,0.31,0.23
0.000462102761957794,0.05,0.3,0.22
0.000441519005107693,0.05,0.29,0.21
0.000420475713326596,0.05,0.28,0.2
0.000399020420445595,0.05,0.27,0.19
0.000377203090465628,0.05,0.26,0.18
0.000355076255800668,0.05,0.25,0.17
0.000332695184624754,0.05,0.24,0.16
0.000310118070046883,0.05,0.23,0.15
0.000287406212009955,0.05,0.22,0.14
0.000264624242845457,0.05,0.21,0.13
0.00024184044013964,0.05,0.2,0.12
0.000219127039599698,0.05,0.19,0.11
0.000196560609765584,0.05,0.18,0.0999999999999999
0.000174222484929487,0.05,0.17,0.09
0.000152199259900954,0.05,0.16,0.08
0.000130583362988546,0.05,0.15,0.07
0.000109473743577837,0.05,0.14,0.0599999999999999
8.897658517526e-05,0.05,0.13,0.0499999999999999
6.92061539666611e-05,0.05,0.12,0.0399999999999999
5.02856228195014e-05,0.05,0.11,0.03
3.2347763863072e-05,0.05,0.1,0.0200000000000001
0,0.05,0.09,0
1.55352759065863e-05,0.05,0.09,0.01
0.000722232740372419,0.05,0.49,0.42
0.000722476368537173,0.05,0.5,0.42
0.000717203161912039,0.05,0.48,0.41
0.000711186992703006,0.05,0.47,0.4
0.000704194739228114,0.05,0.46,0.39
0.000696238668751903,0.05,0.45,0.38
0.000687332809320651,0.05,0.44,0.37
0.000677492935210466,0.05,0.43,0.36
0.000666736654238775,0.05,0.42,0.35
0.000655083218589425,0.05,0.41,0.34
0.000642553699435666,0.05,0.4,0.33
0.000629170986940153,0.05,0.39,0.32
0.000614959717495367,0.05,0.38,0.31
0.000599946331931278,0.05,0.37,0.3
0.000584159075515345,0.05,0.36,0.29
0.000567628056160174,0.05,0.35,0.28
0.000550385302631184,0.05,0.34,0.27
0.000532464706338942,0.05,0.33,0.26
0.000513902094098739,0.05,0.32,0.25
0.000494735359097831,0.05,0.31,0.24
0.00047500435175607,0.05,0.3,0.23
0.000454751156212296,0.05,0.29,0.22
0.000434020017564762,0.05,0.28,0.21
0.000412857501942199,0.05,0.27,0.2
0.000391312612919137,0.05,0.26,0.19
0.000369436886103358,0.05,0.25,0.18
0.000347284578310791,0.05,0.24,0.17
0.000324912827636581,0.05,0.23,0.16
0.000302381849905942,0.05,0.22,0.15
0.000279755186056718,0.05,0.21,0.14
0.000257099956797902,0.05,0.2,0.13
0.000234487219131552,0.05,0.19,0.12
0.000211992330150679,0.05,0.18,0.11
0.00018969541270053,0.05,0.17,0.1
0.000167681835591793,0.05,0.16,0.09
0.000146042872074759,0.05,0.15,0.08
0.000124876398331253,0.05,0.14,0.07
0.000104287752037635,0.05,0.13,0.0599999999999999
8.43907309899805e-05,0.05,0.12,0.0499999999999999
6.53087427053833e-05,0.05,0.11,0.0399999999999999
4.71760176878888e-05,0.05,0.1,0.0300000000000001
3.01388358820986e-05,0.05,0.09,0.02
0,0.05,0.08,0
1.43563356687082e-05,0.05,0.08,0.01
0.00072602165164426,0.05,0.49,0.43
0.000726266938727349,0.05,0.5,0.43
0.000721501608495601,0.05,0.48,0.42
0.000715993213816546,0.05,0.47,0.41
0.000709506115526892,0.05,0.46,0.4
0.000702051707776263,0.05,0.45,0.39
0.00069364313094411,0.05,0.44,0.38
0.000684295300743543,0.05,0.43,0.37
0.000674024908221327,0.05,0.42,0.36
0.000662850390654057,0.05,0.41,0.35
0.000650791946100071,0.05,0.4,0.34
0.000637871547951363,0.05,0.39,0.33
0.000624113017693162,0.05,0.38,0.32
0.000609541893936694,0.05,0.37,0.31
0.000594185563386418,0.05,0.36,0.3
0.000578073246288113,0.05,0.35,0.29
0.000561236054636538,0.05,0.34,0.28
0.000543707064935006,0.05,0.33,0.27
0.00052552112902049,0.05,0.32,0.26
0.00050671526696533,0.05,0.31,0.25
0.00048732844152255,0.05,0.3,0.24
0.000467401740024798,0.05,0.29,0.23
0.00044697847624775,0.05,0.28,0.22
0.000426104234065861,0.05,0.27,0.21
0.000404827012971509,0.05,0.26,0.2
0.000383197293558624,0.05,0.25,0.19
0.000361268270353321,0.05,0.24,0.18
0.00033909596822923,0.05,0.23,0.17
0.000316739446134306,0.05,0.22,0.16
0.00029426103719743,0.05,0.21,0.15
0.000271726610662881,0.05,0.2,0.14
0.000249205892032478,0.05,0.19,0.13
0.000226772855967283,0.05,0.18,0.12
0.000204506177396979,0.05,0.17,0.11
0.000182489729922963,0.05,0.16,0.1
0.000160813229740597,0.05,0.15,0.0899999999999999
0.000139572995976778,0.05,0.14,0.08
0.000118872843813733,0.05,0.13,0.07
9.8825183158624e-05,0.05,0.12,0.0599999999999999
7.95523556007538e-05,0.05,0.11,0.0499999999999999
6.1188188738015e-05,0.05,0.1,0.04
4.38798451796174e-05,0.05,0.09,0.03
2.77898070635274e-05,0.05,0.08,0.02
0,0.05,0.07,0
1.30976081891276e-05,0.05,0.07,0.01
0.000729298713849857,0.05,0.49,0.44
0.000729545427020639,0.05,0.5,0.44
0.000725285572116263,0.05,0.48,0.43
0.000720282332622446,0.05,0.47,0.42
0.000714297755621374,0.05,0.46,0.41
0.000707342362147756,0.05,0.45,0.4
0.00069942841946613,0.05,0.44,0.39
0.000690569970174693,0.05,0.43,0.38
0.000680782832205296,0.05,0.42,0.37
0.000670084555167705,0.05,0.41,0.36
0.000658494493109174,0.05,0.4,0.35
0.000646033731754869,0.05,0.39,0.34
0.000632725190371275,0.05,0.38,0.33
0.000618593563558534,0.05,0.37,0.32
0.000603665350354277,0.05,0.36,0.31
0.000587968868785538,0.05,0.35,0.3
0.000571534343180247,0.05,0.34,0.29
0.000554393933271058,0.05,0.33,0.28
0.00053658164688386,0.05,0.32,0.27
0.000518133470905013,0.05,0.31,0.26
0.0004990875168005,0.05,0.3,0.25
0.000479483896924648,0.05,0.29,0.24
0.000459364920970984,0.05,0.28,0.23
0.000438775176007766,0.05,0.27,0.22
0.000417761621065438,0.05,0.26,0.21
0.000396373667172156,0.05,0.25,0.2
0.000374663373804651,0.05,0.24,0.19
0.000352685608959291,0.05,0.23,0.18
0.000330498216499109,0.05,0.22,0.17
0.000308162256260403,0.05,0.21,0.16
0.000285742222331464,0.05,0.2,0.15
0.000263306428678334,0.05,0.19,0.14
0.000240927314735018,0.05,0.18,0.13
0.000218681921978714,0.05,0.17,0.12
0.000196652403246844,0.05,0.16,0.11
0.000174926623003557,0.05,0.15,0.0999999999999999
0.000153598946781131,0.05,0.14,0.0899999999999999
0.000132771125208819,0.05,0.13,0.08
0.000112553449071129,0.05,0.12,0.07
9.30661535676336e-05,0.05,0.11,0.0599999999999999
7.44411463529104e-05,0.05,0.1,0.05
5.68242012377596e-05,0.05,0.09,0.0399999999999999
4.03776766688679e-05,0.05,0.08,0.03
2.52837289735908e-05,0.05,0.07,0.02
0,0.05,0.06,0
1.17477163712465e-05,0.05,0.06,0.0100000000000001
0.000732066779164597,0.05,0.49,0.45
0.000732314685592428,0.05,0.5,0.45
0.000728558356058784,0.05,0.48,0.44
0.000724058074411005,0.05,0.47,0.43
0.000718573821359314,0.05,0.46,0.42
0.000712115244823508,0.05,0.45,0.41
0.00070469373895321,0.05,0.44,0.4
0.000696322458679788,0.05,0.43,0.39
0.000687016363372095,0.05,0.42,0.38
0.000676792114973068,0.05,0.41,0.37
0.000665668194415048,0.05,0.4,0.36
0.000653664828860201,0.05,0.39,0.35
0.000640804006252438,0.05,0.38,0.34
0.000627109577180818,0.05,0.37,0.33
0.000612607138464227,0.05,0.36,0.32
0.000597324149566703,0.05,0.35,0.31
0.000581289888941683,0.05,0.34,0.3
0.000564535584999248,0.05,0.33,0.29
0.000547094401554205,0.05,0.32,0.28
0.000529001350514591,0.05,0.31,0.27
0.000510293553816155,0.05,0.3,0.26
0.000491010192490648,0.05,0.29,0.25
0.000471192586701363,0.05,0.28,0.24
0.00045088425395079,0.05,0.27,0.23
0.00043013111280743,0.05,0.26,0.22
0.000408981475629844,0.05,0.25,0.21
0.000387486237741541,0.05,0.24,0.2
0.000365699059329927,0.05,0.23,0.19
0.000343676510965452,0.05,0.22,0.18
0.00032147832098417,0.05,0.21,0.17
0.000299167571938597,0.05,0.2,0.16
0.000276811035291757,0.05,0.19,0.15
0.000254479527939111,0.05,0.18,0.14
0.000232248334214091,0.05,0.17,0.13
0.000210197682463331,0.05,0.16,0.12
0.000188413378054975,0.05,0.15,0.11
0.000166987516422523,0.05,0.14,0.0999999999999999
0.000146019392559538,0.05,0.13,0.0899999999999999
0.000125616614241153,0.05,0.12,0.08
0.000105896509921877,0.05,0.11,0.07
8.69879168021725e-05,0.05,0.1,0.06
6.90334718456143e-05,0.05,0.09,0.0499999999999999
5.21926531291683e-05,0.05,0.08,0.0399999999999999
3.66457516065566e-05,0.05,0.07,0.03
2.25990979743074e-05,0.05,0.06,0.0200000000000001
0,0.05,0.05,0
1.02915071238385e-05,0.05,0.05,0.01
0.000734328263206407,0.05,0.49,0.46
0.000734577159164473,0.05,0.5,0.46
0.000731322812498547,0.05,0.48,0.45
0.000727323727915064,0.05,0.47,0.44
0.000722338052582927,0.05,0.46,0.43
0.000716374517651275,0.05,0.45,0.42
0.000709443687810563,0.05,0.44,0.41
0.000701557830325328,0.05,0.43,0.4
0.000692731002345681,0.05,0.42,0.39
0.000682979021803476,0.05,0.41,0.38
0.000672319452860393,0.05,0.4,0.37
0.000660771678667516,0.05,0.39,0.36
0.00064835678495001,0.05,0.38,0.35
0.000635097720078193,0.05,0.37,0.34
0.000621019207756035,0.05,0.36,0.33
0.000606147805228829,0.05,0.35,0.32
0.000590511917835101,0.05,0.34,0.31
0.000574141799006611,0.05,0.33,0.3
0.000557069681235589,0.05,0.32,0.29
0.000539329703315161,0.05,0.31,0.28
0.000520957953995094,0.05,0.3,0.27
0.000501992646604776,0.05,0.29,0.26
0.000482474097225349,0.05,0.28,0.25
0.000462444782897364,0.05,0.27,0.24
0.000441949508967809,0.05,0.26,0.23
0.000421035496401601,0.05,0.25,0.22
0.000399752461817116,0.05,0.24,0.21
0.000378152806661092,0.05,0.23,0.2
0.000356291806383524,0.05,0.22,0.19
0.000334227792336605,0.05,0.21,0.18
0.000312022391881328,0.05,0.2,0.17
0.000289740783046,0.05,0.19,0.16
0.000267452065600082,0.05,0.18,0.15
0.000245229664869839,0.05,0.17,0.14
0.000223151786485687,0.05,0.16,0.13
0.00020130197663093,0.05,0.15,0.12
0.000179769864189439,0.05,0.14,0.11
0.000158651982928859,0.05,0.13,0.0999999999999999
0.000138052862894256,0.05,0.12,0.0899999999999999
0.000118086369184311,0.05,0.11,0.08
9.88774227153044e-05,0.05,0.1,0.07
8.05642921477556e-05,0.05,0.09,0.0599999999999999
6.33015970379347e-05,0.05,0.08,0.0499999999999999
4.72644869660144e-05,0.05,0.07,0.0399999999999999
3.2654465030646e-05,0.05,0.06,0.0300000000000001
1.97078290966601e-05,0.05,0.05,0.02
0,0.05,0.04,0
8.70783151185606e-06,0.05,0.04,0.01
0.000736085159587674,0.05,0.49,0.47
0.000736334826797247,0.05,0.5,0.47
0.000733581342501566,0.05,0.48,0.46
0.000730082145310007,0.05,0.47,0.45
0.000725593723473139,0.05,0.46,0.44
0.000720123935025185,0.05,0.45,0.43
0.000713682456989773,0.05,0.44,0.42
0.000706280683516525,0.05,0.43,0.41
0.000697931813192554,0.05,0.42,0.4
0.000688650761730969,0.05,0.41,0.39
0.000678454220178537,0.05,0.4,0.38
0.000667360684019513,0.05,0.39,0.37
0.000655390380416065,0.05,0.38,0.36
0.000642565311864018,0.05,0.37,0.35
0.000628909358056262,0.05,0.36,0.34
0.000614448130363598,0.05,0.35,0.33
0.000599209175561555,0.05,0.34,0.32
0.000583221815759316,0.05,0.33,0.31
0.000566517293918878,0.05,0.32,0.3
0.000549128832062706,0.05,0.31,0.29
0.000531091573066078,0.05,0.3,0.28
0.000512442697072402,0.05,0.29,0.27
0.000493221508804709,0.05,0.28,0.26
0.00047346945211757,0.05,0.27,0.25
0.000453230197308585,0.05,0.26,0.24
0.00043254983756924,0.05,0.25,0.23
0.00041147691081278,0.05,0.24,0.22
0.000390062559745274,0.05,0.23,0.21
0.000368360721040517,0.05,0.22,0.2
0.000346428299963009,0.05,0.21,0.19
0.000324325410474557,0.05,0.2,0.18
0.000302115622616839,0.05,0.19,0.17
0.000279866260825656,0.05,0.18,0.16
0.000257648804108612,0.05,0.17,0.15
0.000235539358982351,0.05,0.16,0.14
0.000213619117857888,0.05,0.15,0.13
0.000191975079360418,0.05,0.14,0.12
0.000170700830494752,0.05,0.13,0.11
0.000149897547089495,0.05,0.12,0.0999999999999999
0.000129675257994677,0.05,0.11,0.0899999999999999
0.000110154443973443,0.05,0.1,0.08
9.1468173195608e-05,0.05,0.09,0.07
7.37649515940575e-05,0.05,0.08,0.0599999999999999
5.72126627957914e-05,0.05,0.07,0.0499999999999999
4.20042297264445e-05,0.05,0.06,0.04
2.8366130663926e-05,0.05,0.05,0.03
1.65719286542299e-05,0.05,0.04,0.02
0,0.05,0.03,0
6.96523869692101e-06,0.05,0.03,0.01
0.00073733898170758,0.05,0.49,0.48
0.000737589201889932,0.05,0.5,0.48
0.000735335939680226,0.05,0.48,0.47
0.000732335742213763,0.05,0.47,0.46
0.000728343686205335,0.05,0.46,0.45
0.000723366771126166,0.05,0.45,0.44
0.000717413771781139,0.05,0.44,0.43
0.00071049522375688,0.05,0.43,0.42
0.00070262340886984,0.05,0.42,0.41
0.000693812398822047,0.05,0.41,0.4
0.000684077996993437,0.05,0.4,0.39
0.000673437811201438,0.05,0.39,0.38
0.000661911180941388,0.05,0.38,0.37
0.000649519221042283,0.05,0.37,0.36
0.000636284894426353,0.05,0.36,0.35
0.000622232953901403,0.05,0.35,0.34
0.000607389956712723,0.05,0.34,0.33
0.000591784395510331,0.05,0.33,0.32
0.000575446509174071,0.05,0.32,0.31
0.000558408559300005,0.05,0.31,0.3
0.00054070474288892,0.05,0.3,0.29
0.000522371236002073,0.05,0.29,0.28
0.000503446310176514,0.05,0.28,0.27
0.000483970354252961,0.05,0.27,0.26
0.000463985925307497,0.05,0.26,0.25
0.000443537945102435,0.05,0.25,0.24
0.000422673765569925,0.05,0.24,0.23
0.00040144327795133,0.05,0.23,0.22
0.000379899051040411,0.05,0.22,0.21
0.000358096571289934,0.05,0.21,0.2
0.000336094395606779,0.05,0.2,0.19
0.000313954435114283,0.05,0.19,0.18
0.000291742238914594,0.05,0.18,0.17
0.000269527306954842,0.05,0.17,0.16
0.000247383552050451,0.05,0.16,0.15
0.000225389787374297,0.05,0.15,0.14
0.000203630275791511,0.05,0.14,0.13
0.000182195552042685,0.05,0.13,0.12
0.000161183277668897,0.05,0.12,0.11
0.000140699426992796,0.05,0.11,0.0999999999999999
0.000120859729577205,0.05,0.1,0.09
0.000101791605629842,0.05,0.09,0.08
8.36367235024227e-05,0.05,0.08,0.07
6.65545449010096e-05,0.05,0.07,0.0599999999999999
5.07273716721102e-05,0.05,0.06,0.05
3.63679455404053e-05,0.05,0.05,0.0399999999999999
2.37316312450275e-05,0.05,0.04,0.03
1.31377705656632e-05,0.05,0.03,0.02
0,0.05,0.02,0
5.01270062613912e-06,0.05,0.02,0.01
0.000738090835511684,0.05,0.49,0.49
0.000738341390388086,0.05,0.5,0.49
0.000736588117433712,0.05,0.48,0.48
0.000734086497686803,0.05,0.47,0.47
0.000730590370949358,0.05,0.46,0.46
0.000726105878129601,0.05,0.45,0.45
0.000720640920917504,0.05,0.44,0.44
0.000714205161784776,0.05,0.43,0.43
0.000706809965777211,0.05,0.42,0.42
0.000698468560585752,0.05,0.41,0.41
0.000689195847371593,0.05,0.4,0.4
0.000679008560837246,0.05,0.39,0.39
0.000667925152811222,0.05,0.38,0.38
0.000655965865007602,0.05,0.37,0.37
0.000643152699922211,0.05,0.36,0.36
0.000629509580903687,0.05,0.35,0.35
0.000615062104770914,0.05,0.34,0.34
0.000599837832851335,0.05,0.33,0.33
0.000583866116357967,0.05,0.32,0.32
0.000567178183700889,0.05,0.31,0.31
0.000549807300558314,0.05,0.3,0.3
0.000531788638909347,0.05,0.29,0.29
0.000513159422553144,0.05,0.28,0.28
0.000493958992592525,0.05,0.27,0.27
0.000474228807433974,0.05,0.26,0.26
0.000454012602858711,0.05,0.25,0.25
0.000433356515713967,0.05,0.24,0.24
0.000412309178500436,0.05,0.23,0.23
0.000390921821235679,0.05,0.22,0.22
0.000369248475180939,0.05,0.21,0.21
0.000347346147464123,0.05,0.2,0.2
0.000325275075738318,0.05,0.19,0.19
0.000303098997392226,0.05,0.18,0.18
0.000280885433312505,0.05,0.17,0.17
0.000258706088061444,0.05,0.16,0.16
0.000236637330090161,0.05,0.15,0.15
0.000214760693779681,0.05,0.14,0.14
0.000193163574294886,0.05,0.13,0.13
0.000171940075233579,0.05,0.12,0.12
0.000151192016346613,0.05,0.11,0.11
0.000131030239572283,0.05,0.1,0.1
0.0001115763298003,0.05,0.09,0.09
9.29648267629091e-05,0.05,0.08,0.08
7.53462954889983e-05,0.05,0.07,0.07
5.88916218475788e-05,0.05,0.06,0.06
4.37983208030346e-05,0.05,0.05,0.0499999999999999
3.03004508168669e-05,0.05,0.04,0.0399999999999999
1.86853637842432e-05,0.05,0.03,0.03
9.32589841795561e-06,0.05,0.02,0.02
0,0.05,0.01,0
2.75701330565425e-06,0.05,0.01,0.01
0.000738341390388086,0.05,0.49,0.5
0.00073859206167981,0.05,0.5,0.5
0.00073733898170758,0.05,0.48,0.49
0.000735335939680226,0.05,0.47,0.48
0.000732335742213763,0.05,0.46,0.47
0.000728343686205335,0.05,0.45,0.46
0.000723366771126166,0.05,0.44,0.45
0.000717413771781139,0.05,0.43,0.44
0.00071049522375688,0.05,0.42,0.43
0.00070262340886984,0.05,0.41,0.42
0.000693812398822047,0.05,0.4,0.41
0.000684077996993437,0.05,0.39,0.4
0.000673437811201438,0.05,0.38,0.39
0.000661911180941388,0.05,0.37,0.38
0.000649519221042283,0.05,0.36,0.37
0.000636284894426353,0.05,0.35,0.36
0.000622232953901403,0.05,0.34,0.35
0.000607389956712723,0.05,0.33,0.34
0.000591784395510331,0.05,0.32,0.33
0.000575446509174071,0.05,0.31,0.32
0.000558408559300005,0.05,0.3,0.31
0.00054070474288892,0.05,0.29,0.3
0.000522371236002073,0.05,0.28,0.29
0.000503446310176514,0.05,0.27,0.28
0.000483970354252961,0.05,0.26,0.27
0.000463985932583455,0.05,0.25,0.26
0.00044353795965435,0.05,0.24,0.25
0.000422673765569925,0.05,0.23,0.24
0.00040144327795133,0.05,0.22,0.23
0.000379899051040411,0.05,0.21,0.22
0.000358096578565892,0.05,0.2,0.21
0.000336094395606779,0.05,0.19,0.2
0.000313954435114283,0.05,0.18,0.19
0.000291742238914594,0.05,0.17,0.18
0.000269527306954842,0.05,0.16,0.17
0.000247383552050451,0.05,0.15,0.16
0.000225389787374297,0.05,0.14,0.15
0.000203630275791511,0.05,0.13,0.14
0.000182195552042685,0.05,0.12,0.13
0.000161183277668897,0.05,0.11,0.12
0.000140699426992796,0.05,0.1,0.11
0.000120859729577205,0.05,0.09,0.1
0.000101791605629842,0.05,0.08,0.09
8.36367235024227e-05,0.05,0.07,0.08
6.65545449010096e-05,0.05,0.06,0.07
5.07273716721102e-05,0.05,0.05,0.0599999999999999
3.63679455404053e-05,0.05,0.04,0.0499999999999999
2.37316312450275e-05,0.05,0.03,0.0399999999999999
1.31377701109159e-05,0.05,0.02,0.03
0,0.05,0,0.01
0,0.05,0,0
5.01270051245228e-06,0.05,0.01,0.02
0.000737589201889932,0.05,0.48,0.5
0.000736085159587674,0.05,0.47,0.49
0.000733581342501566,0.05,0.46,0.48
0.000730082145310007,0.05,0.45,0.47
0.000725593723473139,0.05,0.44,0.46
0.000720123935025185,0.05,0.43,0.45
0.000713682456989773,0.05,0.42,0.44
0.000706280683516525,0.05,0.41,0.43
0.000697931813192554,0.05,0.4,0.42
0.000688650761730969,0.05,0.39,0.41
0.000678454220178537,0.05,0.38,0.4
0.000667360684019513,0.05,0.37,0.39
0.000655390380416065,0.05,0.36,0.38
0.000642565311864018,0.05,0.35,0.37
0.000628909358056262,0.05,0.34,0.36
0.000614448130363598,0.05,0.33,0.35
0.000599209175561555,0.05,0.32,0.34
0.000583221815759316,0.05,0.31,0.33
0.000566517308470793,0.05,0.3,0.32
0.000549128846614622,0.05,0.29,0.31
0.000531091573066078,0.05,0.28,0.3
0.000512442697072402,0.05,0.27,0.29
0.000493221508804709,0.05,0.26,0.28
0.00047346945211757,0.05,0.25,0.27
0.000453230219136458,0.05,0.24,0.26
0.000432549844845198,0.05,0.23,0.25
0.00041147691081278,0.05,0.22,0.24
0.000390062559745274,0.05,0.21,0.23
0.000368360728316475,0.05,0.2,0.22
0.000346428314514924,0.05,0.19,0.21
0.000324325417750515,0.05,0.18,0.2
0.000302115622616839,0.05,0.17,0.19
0.000279866260825656,0.05,0.16,0.18
0.00025764881138457,0.05,0.15,0.17
0.000235539358982351,0.05,0.14,0.16
0.000213619117857888,0.05,0.13,0.15
0.000191975079360418,0.05,0.12,0.14
0.000170700830494752,0.05,0.11,0.13
0.000149897547089495,0.05,0.1,0.12
0.000129675257994677,0.05,0.09,0.11
0.000110154443973443,0.05,0.08,0.1
9.1468173195608e-05,0.05,0.07,0.0899999999999999
7.37649515940575e-05,0.05,0.06,0.08
5.72126627957914e-05,0.05,0.05,0.07
4.20042297264445e-05,0.05,0.04,0.0599999999999999
2.8366130663926e-05,0.05,0.03,0.0499999999999999
1.65719284268562e-05,0.05,0.02,0.0399999999999999
0,0.05,0,0.02
6.96523829901707e-06,0.05,0.01,0.03
0.000736334826797247,0.05,0.47,0.5
0.000734328263206407,0.05,0.46,0.49
0.000731322812498547,0.05,0.45,0.48
0.000727323727915064,0.05,0.44,0.47
0.000722338052582927,0.05,0.43,0.46
0.000716374517651275,0.05,0.42,0.45
0.000709443687810563,0.05,0.41,0.44
0.000701557830325328,0.05,0.4,0.43
0.000692731002345681,0.05,0.39,0.42
0.000682979021803476,0.05,0.38,0.41
0.000672319452860393,0.05,0.37,0.4
0.000660771678667516,0.05,0.36,0.39
0.00064835678495001,0.05,0.35,0.38
0.000635097720078193,0.05,0.34,0.37
0.000621019207756035,0.05,0.33,0.36
0.000606147805228829,0.05,0.32,0.35
0.000590511917835101,0.05,0.31,0.34
0.000574141828110442,0.05,0.3,0.33
0.000557069724891335,0.05,0.29,0.32
0.000539329717867076,0.05,0.28,0.31
0.000520957968547009,0.05,0.27,0.3
0.000501992661156692,0.05,0.26,0.29
0.000482474097225349,0.05,0.25,0.28
0.00046244479744928,0.05,0.24,0.27
0.000441949530795682,0.05,0.23,0.26
0.000421035496401601,0.05,0.22,0.25
0.000399752461817116,0.05,0.21,0.24
0.000378152813937049,0.05,0.2,0.23
0.000356291828211397,0.05,0.19,0.22
0.000334227814164478,0.05,0.18,0.21
0.000312022399157286,0.05,0.17,0.2
0.000289740783046,0.05,0.16,0.19
0.00026745207287604,0.05,0.15,0.18
0.000245229675783776,0.05,0.14,0.17
0.000223151790123666,0.05,0.13,0.16
0.000201301980268909,0.05,0.12,0.15
0.000179769867827417,0.05,0.11,0.14
0.000158651982928859,0.05,0.1,0.13
0.000138052862894256,0.05,0.09,0.12
0.000118086369184311,0.05,0.08,0.11
9.88774227153044e-05,0.05,0.07,0.0999999999999999
8.05642921477556e-05,0.05,0.06,0.09
6.33015970379347e-05,0.05,0.05,0.08
4.72644869660144e-05,0.05,0.04,0.07
3.2654465030646e-05,0.05,0.03,0.0599999999999999
1.97078290966601e-05,0.05,0.02,0.0499999999999999
0,0.05,0,0.03
8.70783128448238e-06,0.05,0.01,0.0399999999999999
0.000734577159164473,0.05,0.46,0.5
0.000732066779164597,0.05,0.45,0.49
0.000728558356058784,0.05,0.44,0.48
0.000724058074411005,0.05,0.43,0.47
0.000718573821359314,0.05,0.42,0.46
0.000712115244823508,0.05,0.41,0.45
0.00070469373895321,0.05,0.4,0.44
0.000696322458679788,0.05,0.39,0.43
0.000687016363372095,0.05,0.38,0.42
0.000676792114973068,0.05,0.37,0.41
0.000665668194415048,0.05,0.36,0.4
0.000653664828860201,0.05,0.35,0.39
0.000640804006252438,0.05,0.34,0.38
0.000627109577180818,0.05,0.33,0.37
0.000612607138464227,0.05,0.32,0.36
0.000597324149566703,0.05,0.31,0.35
0.000581289903493598,0.05,0.3,0.34
0.000564535643206909,0.05,0.29,0.33
0.000547094430658035,0.05,0.28,0.32
0.000529001379618421,0.05,0.27,0.31
0.0005102935974719,0.05,0.26,0.3
0.000491010221594479,0.05,0.25,0.29
0.000471192601253279,0.05,0.24,0.28
0.00045088428305462,0.05,0.23,0.27
0.000430131127359346,0.05,0.22,0.26
0.000408981475629844,0.05,0.21,0.25
0.000387486252293456,0.05,0.2,0.24
0.0003656990811578,0.05,0.19,0.23
0.000343676540069282,0.05,0.18,0.22
0.000321478342812043,0.05,0.17,0.21
0.000299167571938597,0.05,0.16,0.2
0.000276811035291757,0.05,0.15,0.19
0.000254479538853047,0.05,0.14,0.18
0.000232248345128028,0.05,0.13,0.17
0.000210197693377268,0.05,0.12,0.16
0.000188413388968911,0.05,0.11,0.15
0.000166987523698481,0.05,0.1,0.14
0.000146019392559538,0.05,0.09,0.13
0.000125616614241153,0.05,0.08,0.12
0.000105896509921877,0.05,0.07,0.11
8.69879168021725e-05,0.05,0.06,0.1
6.90334718456143e-05,0.05,0.05,0.0899999999999999
5.21926531291683e-05,0.05,0.04,0.08
3.66457516065566e-05,0.05,0.03,0.07
2.25990979743074e-05,0.05,0.02,0.0599999999999999
0,0.05,0,0.0399999999999999
1.02915071238385e-05,0.05,0.01,0.0499999999999999
0.000732314685592428,0.05,0.45,0.5
0.000729298713849857,0.05,0.44,0.49
0.000725285572116263,0.05,0.43,0.48
0.000720282332622446,0.05,0.42,0.47
0.000714297755621374,0.05,0.41,0.46
0.000707342362147756,0.05,0.4,0.45
0.00069942841946613,0.05,0.39,0.44
0.000690569955622777,0.05,0.38,0.43
0.00068078281765338,0.05,0.37,0.42
0.00067008454061579,0.05,0.36,0.41
0.000658494493109174,0.05,0.35,0.4
0.000646033731754869,0.05,0.34,0.39
0.000632725190371275,0.05,0.33,0.38
0.000618593563558534,0.05,0.32,0.37
0.000603665350354277,0.05,0.31,0.36
0.000587968868785538,0.05,0.3,0.35
0.000571534386835992,0.05,0.29,0.34
0.000554393976926804,0.05,0.28,0.33
0.000536581675987691,0.05,0.27,0.32
0.000518133529112674,0.05,0.26,0.31
0.000499087560456246,0.05,0.25,0.3
0.000479483926028479,0.05,0.24,0.29
0.000459364950074814,0.05,0.23,0.28
0.000438775205111597,0.05,0.22,0.27
0.000417761635617353,0.05,0.21,0.26
0.000396373681724072,0.05,0.2,0.25
0.000374663402908482,0.05,0.19,0.24
0.000352685638063122,0.05,0.18,0.23
0.000330498245602939,0.05,0.17,0.22
0.00030816226353636,0.05,0.16,0.21
0.000285742222331464,0.05,0.15,0.2
0.000263306428678334,0.05,0.14,0.19
0.000240927325648954,0.05,0.13,0.18
0.000218681936530629,0.05,0.12,0.17
0.000196652417798759,0.05,0.11,0.16
0.000174926637555473,0.05,0.1,0.15
0.000153598954057088,0.05,0.09,0.14
0.000132771125208819,0.05,0.08,0.13
0.000112553449071129,0.05,0.07,0.12
9.30661535676336e-05,0.05,0.06,0.11
7.44411463529104e-05,0.05,0.05,0.1
5.68242012377596e-05,0.05,0.04,0.09
4.03776766688679e-05,0.05,0.03,0.08
2.52837289735908e-05,0.05,0.02,0.07
0,0.05,0,0.0499999999999999
1.17477163712465e-05,0.05,0.01,0.0599999999999999
0.000729545427020639,0.05,0.44,0.5
0.00072602165164426,0.05,0.43,0.49
0.000721501608495601,0.05,0.42,0.48
0.000715993213816546,0.05,0.41,0.47
0.000709506115526892,0.05,0.4,0.46
0.000702051693224348,0.05,0.39,0.45
0.00069364310184028,0.05,0.38,0.44
0.000684295271639712,0.05,0.37,0.43
0.000674024879117496,0.05,0.36,0.42
0.000662850361550227,0.05,0.35,0.41
0.000650791931548156,0.05,0.34,0.4
0.000637871547951363,0.05,0.33,0.39
0.000624113017693162,0.05,0.32,0.38
0.000609541893936694,0.05,0.31,0.37
0.000594185563386418,0.05,0.3,0.36
0.000578073260840029,0.05,0.29,0.35
0.000561236112844199,0.05,0.28,0.34
0.000543707094038837,0.05,0.27,0.33
0.000525521187228151,0.05,0.26,0.32
0.000506715310621075,0.05,0.25,0.31
0.000487328477902338,0.05,0.24,0.3
0.000467401776404586,0.05,0.23,0.29
0.000446978505351581,0.05,0.22,0.28
0.000426104263169691,0.05,0.21,0.27
0.000404827034799382,0.05,0.2,0.26
0.000383197322662454,0.05,0.19,0.25
0.000361268299457151,0.05,0.18,0.24
0.000339095997333061,0.05,0.17,0.23
0.000316739467962179,0.05,0.16,0.22
0.000294261044473387,0.05,0.15,0.21
0.000271726610662881,0.05,0.14,0.2
0.000249205895670457,0.05,0.13,0.19
0.000226772870519198,0.05,0.12,0.18
0.000204506191948894,0.05,0.11,0.17
0.000182489744474879,0.05,0.1,0.16
0.000160813244292513,0.05,0.09,0.15
0.000139573003252735,0.05,0.08,0.14
0.000118872843813733,0.05,0.07,0.13
9.8825183158624e-05,0.05,0.06,0.12
7.95523556007538e-05,0.05,0.05,0.11
6.1188188738015e-05,0.05,0.04,0.1
4.38798451796174e-05,0.05,0.03,0.0899999999999999
2.77898070635274e-05,0.05,0.02,0.08
0,0.05,0,0.0599999999999999
1.30976081891276e-05,0.05,0.01,0.07
0.000726266938727349,0.05,0.43,0.5
0.000722232740372419,0.05,0.42,0.49
0.000717203161912039,0.05,0.41,0.48
0.000711186992703006,0.05,0.4,0.47
0.000704194724676199,0.05,0.39,0.46
0.000696238639648072,0.05,0.38,0.45
0.000687332765664905,0.05,0.37,0.44
0.000677492920658551,0.05,0.36,0.43
0.00066673661058303,0.05,0.35,0.42
0.000655083174933679,0.05,0.34,0.41
0.000642553684883751,0.05,0.33,0.4
0.000629170986940153,0.05,0.32,0.39
0.000614959717495367,0.05,0.31,0.38
0.000599946331931278,0.05,0.3,0.37
0.000584159075515345,0.05,0.29,0.36
0.00056762809981592,0.05,0.28,0.35
0.00055038534628693,0.05,0.27,0.34
0.000532464749994688,0.05,0.26,0.33
0.0005139021523064,0.05,0.25,0.32
0.000494735402753577,0.05,0.24,0.31
0.000475004402687773,0.05,0.23,0.3
0.000454751199868042,0.05,0.22,0.29
0.000434020046668593,0.05,0.21,0.28
0.000412857531046029,0.05,0.2,0.27
0.000391312642022967,0.05,0.19,0.26
0.000369436915207189,0.05,0.18,0.25
0.000347284607414622,0.05,0.17,0.24
0.000324912856740411,0.05,0.16,0.23
0.000302381871733814,0.05,0.15,0.22
0.000279755193332676,0.05,0.14,0.21
0.000257099964073859,0.05,0.13,0.2
0.000234487230045488,0.05,0.12,0.19
0.000211992344702594,0.05,0.11,0.18
0.000189695427252445,0.05,0.1,0.17
0.000167681850143708,0.05,0.09,0.16
0.000146042886626674,0.05,0.08,0.15
0.000124876401969232,0.05,0.07,0.14
0.000104287752037635,0.05,0.06,0.13
8.43907309899805e-05,0.05,0.05,0.12
6.53087427053833e-05,0.05,0.04,0.11
4.71760176878888e-05,0.05,0.03,0.0999999999999999
3.01388358820986e-05,0.05,0.02,0.0899999999999999
0,0.05,0,0.07
1.43563356687082e-05,0.05,0.01,0.08
0.000722476368537173,0.05,0.42,0.5
0.00071792870585341,0.05,0.41,0.49
0.000712386521627195,0.05,0.4,0.48
0.000705859492882155,0.05,0.39,0.47
0.000698358984664083,0.05,0.38,0.46
0.000689898151904345,0.05,0.37,0.45
0.000680491924867965,0.05,0.36,0.44
0.000670156950945966,0.05,0.35,0.43
0.000658911623759195,0.05,0.34,0.42
0.000646776155917905,0.05,0.33,0.41
0.000633772477158345,0.05,0.32,0.4
0.000619924277998507,0.05,0.31,0.39
0.000605257067945786,0.05,0.3,0.38
0.000589798175496981,0.05,0.29,0.37
0.000573576719034463,0.05,0.28,0.36
0.00055662366503384,0.05,0.27,0.35
0.000538971900823526,0.05,0.26,0.34
0.000520656190929003,0.05,0.25,0.33
0.000501713278936222,0.05,0.24,0.32
0.000482181887491606,0.05,0.23,0.31
0.000462102820165455,0.05,0.22,0.3
0.000441519048763439,0.05,0.21,0.29
0.000420475742430426,0.05,0.2,0.28
0.000399020449549425,0.05,0.19,0.27
0.000377203119569458,0.05,0.18,0.26
0.000355076284904499,0.05,0.17,0.25
0.000332695213728584,0.05,0.16,0.24
0.000310118099150714,0.05,0.15,0.23
0.00028740622656187,0.05,0.14,0.22
0.000264624257397372,0.05,0.13,0.21
0.000241840454691555,0.05,0.12,0.2
0.000219127054151613,0.05,0.11,0.19
0.000196560624317499,0.05,0.1,0.18
0.000174222499481402,0.05,0.09,0.17
0.00015219927081489,0.05,0.08,0.16
0.000130583370264503,0.05,0.07,0.15
0.000109473745396826,0.05,0.06,0.14
8.897658517526e-05,0.05,0.05,0.13
6.92061539666611e-05,0.05,0.04,0.12
5.02856228195014e-05,0.05,0.03,0.11
3.2347763863072e-05,0.05,0.02,0.0999999999999999
0,0.05,0,0.08
1.55352759065863e-05,0.05,0.01,0.0899999999999999
0.000718170485924929,0.05,0.41,0.5
0.000713105808245018,0.05,0.4,0.49
0.000707047511241399,0.05,0.39,0.48
0.000700006101396866,0.05,0.38,0.47
0.000691993845975958,0.05,0.37,0.46
0.000683024743921123,0.05,0.36,0.45
0.000673114627716132,0.05,0.35,0.44
0.000662280988763087,0.05,0.34,0.43
0.000650543108349666,0.05,0.33,0.42
0.000637922043097205,0.05,0.32,0.41
0.000624440552201122,0.05,0.31,0.4
0.000610123199294321,0.05,0.3,0.39
0.000594996396102943,0.05,0.29,0.38
0.000579088256927207,0.05,0.28,0.37
0.000562428787816316,0.05,0.27,0.36
0.000545049813808873,0.05,0.26,0.35
0.000526985066244379,0.05,0.25,0.34
0.000508270168211311,0.05,0.24,0.33
0.000488942736410536,0.05,0.23,0.32
0.000469042344775517,0.05,0.22,0.31
0.00044861069181934,0.05,0.21,0.3
0.000427691600634716,0.05,0.2,0.29
0.000406331164413132,0.05,0.19,0.28
0.000384577826480381,0.05,0.18,0.27
0.000362482460332103,0.05,0.17,0.26
0.000340098515152931,0.05,0.16,0.25
0.000317482241371181,0.05,0.15,0.24
0.000294692785246298,0.05,0.14,0.23
0.000271792421699502,0.05,0.13,0.22
0.000248846798058366,0.05,0.12,0.21
0.0002259251778014,0.05,0.11,0.2
0.000203100815269863,0.05,0.1,0.19
0.000180451268533943,0.05,0.09,0.18
0.000158058806846384,0.05,0.08,0.17
0.000136010887217708,0.05,0.07,0.16
0.000114400658276281,0.05,0.06,0.15
9.33275168790715e-05,0.05,0.05,0.14
7.28976901882561e-05,0.05,0.04,0.13
5.32248077433906e-05,0.05,0.03,0.12
3.44302711710043e-05,0.05,0.02,0.11
0,0.05,0,0.0899999999999999
1.66432801051997e-05,0.05,0.01,0.0999999999999999
0.00071334550739266,0.05,0.4,0.5
0.000707759885699488,0.05,0.39,0.49
0.000701181517797522,0.05,0.38,0.48
0.00069362178328447,0.05,0.37,0.47
0.000685093807987869,0.05,0.36,0.46
0.000675612507620826,0.05,0.35,0.45
0.000665194529574364,0.05,0.34,0.44
0.000653858252917416,0.05,0.33,0.43
0.000641623817500658,0.05,0.32,0.42
0.000628513094852678,0.05,0.31,0.41
0.000614549717283808,0.05,0.3,0.4
0.000599759121541865,0.05,0.29,0.39
0.000584168548812158,0.05,0.28,0.38
0.000567806942854077,0.05,0.27,0.37
0.000550705168279819,0.05,0.26,0.36
0.000532895894139074,0.05,0.25,0.35
0.000514413652126677,0.05,0.24,0.34
0.00049529494572198,0.05,0.23,0.33
0.0004755782065331,0.05,0.22,0.32
0.000455303845228627,0.05,0.21,0.31
0.000434514404332731,0.05,0.2,0.3
0.000413254558225162,0.05,0.19,0.29
0.000391571273212321,0.05,0.18,0.28
0.000369513829355128,0.05,0.17,0.27
0.000347133951436263,0.05,0.16,0.26
0.000324485983583145,0.05,0.15,0.25
0.000301627042063046,0.05,0.14,0.24
0.000278617138974369,0.05,0.13,0.23
0.000255519429629203,0.05,0.12,0.22
0.000232400390814291,0.05,0.11,0.21
0.000209330162761034,0.05,0.1,0.2
0.000186382778338157,0.05,0.09,0.19
0.000163636526849587,0.05,0.08,0.18
0.000141174292366486,0.05,0.07,0.17
0.000119083977551782,0.05,0.06,0.16
9.7458896561875e-05,0.05,0.05,0.15
7.63981879572384e-05,0.05,0.04,0.14
5.60071875952417e-05,0.05,0.03,0.13
3.63976178050507e-05,0.05,0.02,0.12
0,0.05,0,0.1
1.76874295902962e-05,0.05,0.01,0.11
0.000707997271092609,0.05,0.39,0.5
0.000701886339811608,0.05,0.38,0.49
0.000694783491780981,0.05,0.37,0.48
0.000686701052472927,0.05,0.36,0.47
0.000677652977174148,0.05,0.35,0.46
0.000667655083816499,0.05,0.34,0.45
0.000656724834698252,0.05,0.33,0.44
0.000644881482003257,0.05,0.32,0.43
0.000632146009593271,0.05,0.31,0.42
0.000618541133007966,0.05,0.3,0.41
0.000604091343120672,0.05,0.29,0.4
0.000588822949794121,0.05,0.28,0.39
0.000572763936361298,0.05,0.27,0.38
0.000555944177904166,0.05,0.26,0.37
0.000538395295734517,0.05,0.25,0.36
0.000520150773809291,0.05,0.24,0.35
0.000501246002386324,0.05,0.23,0.34
0.000481718285300303,0.05,0.22,0.33
0.000461606825410854,0.05,0.21,0.32
0.000440952884673607,0.05,0.2,0.31
0.000419799784140196,0.05,0.19,0.3
0.000398193049477413,0.05,0.18,0.29
0.000376180418243166,0.05,0.17,0.28
0.000353811963577755,0.05,0.16,0.27
0.000331140217895154,0.05,0.15,0.26
0.000308220332954079,0.05,0.14,0.25
0.000285110174445435,0.05,0.13,0.24
0.000261870540271048,0.05,0.12,0.23
0.000238565298786853,0.05,0.11,0.22
0.000215261647099396,0.05,0.1,0.21
0.000192030358448392,0.05,0.09,0.2
0.0001689460259513,0.05,0.08,0.19
0.000146087357279612,0.05,0.07,0.18
0.00012353747843008,0.05,0.06,0.17
0.000101384244771907,0.05,0.05,0.16
7.9720513895154e-05,0.05,0.04,0.15
5.86443784413859e-05,0.05,0.03,0.14
3.8259226585069e-05,0.05,0.02,0.13
0,0.05,0,0.11
1.86735142051475e-05,0.05,0.01,0.12
0.000702121207723394,0.05,0.38,0.5
0.000695480091962963,0.05,0.37,0.49
0.000687847976223566,0.05,0.36,0.48
0.000679237986332737,0.05,0.35,0.47
0.000669665008899756,0.05,0.34,0.46
0.000659145662211813,0.05,0.33,0.45
0.000647698267130181,0.05,0.32,0.44
0.000635342963505536,0.05,0.31,0.43
0.00062210152100306,0.05,0.3,0.42
0.000607997557381168,0.05,0.29,0.41
0.000593056378420442,0.05,0.28,0.4
0.000577305108890869,0.05,0.27,0.39
0.000560772561584599,0.05,0.26,0.38
0.000543489411938936,0.05,0.25,0.37
0.000525488067069091,0.05,0.24,0.36
0.000506802854943089,0.05,0.23,0.35
0.000487469951622188,0.05,0.22,0.34
0.000467527403088752,0.05,0.21,0.33
0.000447015212557744,0.05,0.2,0.32
0.000425975420512259,0.05,0.19,0.31
0.000404452126531396,0.05,0.18,0.3
0.000382491605705582,0.05,0.17,0.29
0.000360142323188484,0.05,0.16,0.28
0.000337455101544037,0.05,0.15,0.27
0.000314483200781979,0.05,0.14,0.26
0.000291282463876996,0.05,0.13,0.25
0.000267911425908096,0.05,0.12,0.24
0.000244431525061373,0.05,0.11,0.23
0.000220907204493415,0.05,0.1,0.22
0.000197406185179716,0.05,0.09,0.21
0.000173999655089574,0.05,0.08,0.2
0.000150762487464817,0.05,0.07,0.19
0.000127773468193482,0.05,0.06,0.18
0.000105115526821464,0.05,0.05,0.17
8.28759257274214e-05,0.05,0.04,0.16
6.11463938184897e-05,0.05,0.03,0.15
4.00230924242351e-05,0.05,0.02,0.14
0,0.05,0,0.12
1.96063565454097e-05,0.05,0.01,0.13
0.000695712224114686,0.05,0.37,0.5
0.000688535699737258,0.05,0.36,0.49
0.000680369048495777,0.05,0.35,0.48
0.000671226254780777,0.05,0.34,0.47
0.000661123092868365,0.05,0.33,0.46
0.000650076981401071,0.05,0.32,0.45
0.000638107158010826,0.05,0.31,0.44
0.000625234548351727,0.05,0.3,0.43
0.000611481795203872,0.05,0.29,0.42
0.000596873331232928,0.05,0.28,0.41
0.00058143530623056,0.05,0.27,0.4
0.000565195616218261,0.05,0.26,0.39
0.000548183903447352,0.05,0.25,0.38
0.000530431600054726,0.05,0.24,0.37
0.000511971957166679,0.05,0.23,0.36
0.000492840059450828,0.05,0.22,0.35
0.000473072825116105,0.05,0.21,0.34
0.000452709027740639,0.05,0.2,0.33
0.000431789470894728,0.05,0.19,0.32
0.000410356893553399,0.05,0.18,0.31
0.000388456144719385,0.05,0.17,0.3
0.000366134161595255,0.05,0.16,0.29
0.000343440107826609,0.05,0.15,0.28
0.000320425475365482,0.05,0.14,0.27
0.000297144149953965,0.05,0.13,0.26
0.000273652556643356,0.05,0.12,0.25
0.00025000980895129,0.05,0.11,0.24
0.000226277807087172,0.05,0.1,0.23
0.000202521419851109,0.05,0.09,0.22
0.000178808673808817,0.05,0.08,0.21
0.000155210920638638,0.05,0.07,0.2
0.000131803000840591,0.05,0.06,0.19
0.000108663389255526,0.05,0.05,0.18
8.58743424032582e-05,0.05,0.04,0.17
6.35219548712485e-05,0.05,0.03,0.16
4.16960783695686e-05,0.05,0.02,0.15
0,0.05,0,0.13
2.04900347853254e-05,0.05,0.01,0.14
0.00068876487785019,0.05,0.36,0.5
0.00068104725505691,0.05,0.35,0.49
0.000672340363962576,0.05,0.34,0.48
0.00066265907662455,0.05,0.33,0.47
0.000652019982226193,0.05,0.32,0.46
0.000640441387076862,0.05,0.31,0.45
0.000627943387371488,0.05,0.3,0.44
0.000614547680015676,0.05,0.29,0.43
0.000600277810008265,0.05,0.28,0.42
0.000585158966714516,0.05,0.27,0.41
0.000569218158489093,0.05,0.26,0.4
0.00055248400894925,0.05,0.25,0.39
0.000534986989805475,0.05,0.24,0.38
0.000516759304446168,0.05,0.23,0.37
0.000497834989801049,0.05,0.22,0.36
0.000478249821753707,0.05,0.21,0.35
0.000458041453384794,0.05,0.2,0.34
0.00043724941497203,0.05,0.19,0.33
0.000415915186749771,0.05,0.18,0.32
0.000394082213460933,0.05,0.17,0.31
0.00037179598439252,0.05,0.16,0.3
0.000349104084307328,0.05,0.15,0.29
0.000326056295307353,0.05,0.14,0.28
0.00030270466231741,0.05,0.13,0.27
0.000279103624052368,0.05,0.12,0.26
0.000255310082138749,0.05,0.11,0.25
0.000231383561185794,0.05,0.1,0.24
0.000207386288820999,0.05,0.09,0.23
0.00018338335576118,0.05,0.08,0.22
0.000159442861331627,0.05,0.07,0.21
0.00013563604443334,0.05,0.06,0.2
0.000112037358121597,0.05,0.05,0.19
8.87245532794623e-05,0.05,0.04,0.18
6.57787149975775e-05,0.05,0.03,0.17
4.32841379733873e-05,0.05,0.02,0.16
0,0.05,0,0.14
2.13280382013181e-05,0.05,0.01,0.15
0.000681273260852322,0.05,0.35,0.5
0.000673008398734964,0.05,0.34,0.49
0.000663755141431466,0.05,0.33,0.48
0.000653529205010273,0.05,0.32,0.47
0.000642348022665828,0.05,0.31,0.46
0.000630230802926235,0.05,0.3,0.45
0.000617198398686014,0.05,0.29,0.44
0.000603273379965685,0.05,0.28,0.43
0.000588480092119426,0.05,0.27,0.42
0.000572844553971663,0.05,0.26,0.41
0.000556394501472823,0.05,0.25,0.4
0.000539159387699328,0.05,0.24,0.39
0.000521170441061258,0.05,0.23,0.38
0.000502460636198521,0.05,0.22,0.37
0.000483064672152977,0.05,0.21,0.36
0.000463019088783767,0.05,0.2,0.35
0.000442362223111559,0.05,0.19,0.34
0.000421134303906001,0.05,0.18,0.33
0.000399377451685723,0.05,0.17,0.32
0.000377135736925993,0.05,0.16,0.31
0.000354455260094255,0.05,0.15,0.3
0.000331384173478,0.05,0.14,0.29
0.000307972775772214,0.05,0.13,0.28
0.000284273613942787,0.05,0.12,0.27
0.000260341534158215,0.05,0.11,0.26
0.0002362338018429,0.05,0.1,0.25
0.000212010188988643,0.05,0.09,0.24
0.000187733086931985,0.05,0.08,0.23
0.000163467590027722,0.05,0.07,0.22
0.00013928162297816,0.05,0.06,0.21
0.000115245993583812,0.05,0.05,0.2
9.14343963813735e-05,0.05,0.04,0.19
6.79234353810898e-05,0.05,0.03,0.18
4.47924803665956e-05,0.05,0.02,0.17
0,0.05,0,0.15
2.21233872252924e-05,0.05,0.01,0.16
0.000673230999382213,0.05,0.34,0.5
0.000664412349578924,0.05,0.33,0.49
0.000654606148600578,0.05,0.32,0.48
0.000643828985630535,0.05,0.31,0.47
0.000632099152426235,0.05,0.3,0.46
0.000619436672423035,0.05,0.29,0.45
0.000605863213422708,0.05,0.28,0.44
0.000591402204008773,0.05,0.27,0.43
0.000576078760786913,0.05,0.26,0.42
0.000559919702936895,0.05,0.25,0.41
0.00054295350855682,0.05,0.24,0.4
0.000525210431078449,0.05,0.23,0.39
0.000506722426507622,0.05,0.22,0.38
0.000487523175252136,0.05,0.21,0.37
0.000467648074845783,0.05,0.2,0.36
0.000447134356363676,0.05,0.19,0.35
0.000426021033490542,0.05,0.18,0.34
0.000404348946176469,0.05,0.17,0.33
0.000382160818844568,0.05,0.16,0.32
0.000359501304046717,0.05,0.15,0.31
0.000336417033395264,0.05,0.14,0.3
0.000312956639390904,0.05,0.13,0.29
0.000289170871837996,0.05,0.12,0.28
0.000265112656052224,0.05,0.11,0.27
0.000240837136516348,0.05,0.1,0.26
0.00021640178601956,0.05,0.09,0.25
0.000191866482055048,0.05,0.08,0.24
0.000167293568665627,0.05,0.07,0.23
0.000142747925565345,0.05,0.06,0.22
0.000118297024528147,0.05,0.05,0.21
9.40109002840472e-05,0.05,0.04,0.2
6.99621296007535e-05,0.05,0.03,0.19
4.62256975879427e-05,0.05,0.02,0.18
0,0.05,0,0.16
2.28787193918834e-05,0.05,0.01,0.17
0.000664631341351196,0.05,0.33,0.5
0.000655251889838837,0.05,0.32,0.49
0.000644885760266334,0.05,0.31,0.48
0.000633550356724299,0.05,0.3,0.47
0.000621264829533175,0.05,0.29,0.46
0.000608050017035566,0.05,0.28,0.45
0.000593928416492417,0.05,0.27,0.44
0.000578924285946414,0.05,0.26,0.43
0.000563063498702832,0.05,0.25,0.42
0.000546373616089113,0.05,0.24,0.41
0.000528883902006783,0.05,0.23,0.4
0.000510625352035277,0.05,0.22,0.39
0.00049163064250024,0.05,0.21,0.38
0.000471934086817782,0.05,0.2,0.37
0.000451571817393415,0.05,0.19,0.36
0.000430581669206731,0.05,0.18,0.35
0.000409003296226729,0.05,0.17,0.34
0.000386878091376275,0.05,0.16,0.33
0.000364249353879131,0.05,0.15,0.32
0.000341162238328252,0.05,0.14,0.31
0.0003176638201694,0.05,0.13,0.3
0.000293803146632854,0.05,0.12,0.29
0.000269631316768937,0.05,0.11,0.28
0.000245201506913872,0.05,0.1,0.27
0.000220569043449359,0.05,0.09,0.26
0.000195791461010231,0.05,0.08,0.25
0.000170928549778182,0.05,0.07,0.24
0.000146042406413471,0.05,0.06,0.23
0.000121197448606836,0.05,0.05,0.22
9.64603896136396e-05,0.05,0.04,0.21
7.19001754987403e-05,0.05,0.03,0.2
4.75878641736927e-05,0.05,0.02,0.19
0,0.05,0,0.17
2.3596357095812e-05,0.05,0.01,0.18
0.000655467069009319,0.05,0.32,0.5
0.000645519394311123,0.05,0.31,0.49
0.000634585885563865,0.05,0.3,0.48
0.000622684790869243,0.05,0.29,0.47
0.000609836090006866,0.05,0.28,0.46
0.000596061450778507,0.05,0.27,0.45
0.000581384199904278,0.05,0.26,0.44
0.000565829352126457,0.05,0.25,0.43
0.000549423522897996,0.05,0.24,0.42
0.00053219505934976,0.05,0.23,0.41
0.000514173967530951,0.05,0.22,0.4
0.000495391963340808,0.05,0.21,0.39
0.000475882341561373,0.05,0.2,0.38
0.000455680128652602,0.05,0.19,0.37
0.000434822060924489,0.05,0.18,0.36
0.000413346606364939,0.05,0.17,0.35
0.000391293942811899,0.05,0.16,0.34
0.000368706023436971,0.05,0.15,0.33
0.000345626634953078,0.05,0.14,0.32
0.000322101346682757,0.05,0.13,0.31
0.000298177619697526,0.05,0.12,0.3
0.000273904821369797,0.05,0.11,0.29
0.00024933427630458,0.05,0.1,0.28
0.000224519313633209,0.05,0.09,0.27
0.000199515288841212,0.05,0.08,0.26
0.000174379634700017,0.05,0.07,0.25
0.000149171872180887,0.05,0.06,0.24
0.000123953623187845,0.05,0.05,0.23
9.8788577815867e-05,0.05,0.04,0.22
7.37424034014111e-05,0.05,0.03,0.21
4.88826181026525e-05,0.05,0.02,0.2
0,0.05,0,0.18
2.4278358068841e-05,0.05,0.01,0.19
0.000645730528049171,0.05,0.31,0.5
0.000635206772130914,0.05,0.3,0.49
0.000623698011622764,0.05,0.29,0.48
0.000611223338637501,0.05,0.28,0.47
0.000597803576965816,0.05,0.27,0.46
0.000583461194764823,0.05,0.26,0.45
0.000568220304558054,0.05,0.25,0.44
0.000552106663235463,0.05,0.24,0.43
0.000535147672053427,0.05,0.23,0.42
0.00051737240573857,0.05,0.22,0.41
0.000498811612487771,0.05,0.21,0.4
0.000479497619380709,0.05,0.2,0.39
0.00045946438331157,0.05,0.19,0.38
0.000438747585576493,0.05,0.18,0.37
0.000417384537286125,0.05,0.17,0.36
0.000395414273953065,0.05,0.16,0.35
0.000372877460904419,0.05,0.15,0.34
0.000349816560628824,0.05,0.14,0.33
0.000326275738188997,0.05,0.13,0.32
0.00030230094853323,0.05,0.12,0.31
0.000277939921943471,0.05,0.11,0.3
0.000253242251346819,0.05,0.1,0.29
0.000228259392315522,0.05,0.09,0.28
0.000203044670342933,0.05,0.08,0.27
0.000177653335413197,0.05,0.07,0.26
0.000152142540173372,0.05,0.06,0.25
0.000126571339933435,0.05,0.05,0.24
0.000101000650829519,0.05,0.04,0.23
7.54931697883876e-05,0.05,0.03,0.22
5.01132235513069e-05,0.05,0.02,0.21
0,0.05,0,0.19
2.4926556761784e-05,0.05,0.01,0.2
0.000635413656709716,0.05,0.3,0.5
0.000624305524979718,0.05,0.29,0.49
0.00061221320356708,0.05,0.28,0.48
0.000599156657699496,0.05,0.27,0.47
0.000585157511522993,0.05,0.26,0.46
0.000570239004446194,0.05,0.25,0.45
0.000554426034796052,0.05,0.24,0.44
0.000537745101610199,0.05,0.23,0.43
0.000520224377396517,0.05,0.22,0.42
0.000501893635373563,0.05,0.21,0.41
0.000482784271298442,0.05,0.2,0.4
0.000462929245259147,0.05,0.19,0.39
0.000442363183537964,0.05,0.18,0.38
0.000421122320403811,0.05,0.17,0.37
0.000399244541767985,0.05,0.16,0.36
0.000376769348804373,0.05,0.15,0.35
0.0003537379016052,0.05,0.14,0.34
0.000330193041008897,0.05,0.13,0.33
0.000306179295876063,0.05,0.12,0.32
0.000281742875813507,0.05,0.11,0.31
0.000256931722105946,0.05,0.1,0.3
0.000231795544095803,0.05,0.09,0.29
0.000206385786441388,0.05,0.08,0.28
0.000180755654582754,0.05,0.07,0.27
0.000154960118379677,0.05,0.06,0.26
0.000129055884826812,0.05,0.05,0.25
0.000103101327113109,0.05,0.04,0.24
7.71564264141489e-05,0.05,0.03,0.23
5.12826218255213e-05,0.05,0.02,0.22
0,0.05,0,0.2
2.55426002695458e-05,0.05,0.01,0.21
0.00062450795667246,0.05,0.29,0.5
0.000612806703429669,0.05,0.28,0.49
0.000600122119067237,0.05,0.27,0.48
0.000586474969168194,0.05,0.26,0.47
0.000571887663681991,0.05,0.25,0.46
0.000556384227820672,0.05,0.24,0.45
0.000539990302058868,0.05,0.23,0.44
0.000522733156685717,0.05,0.22,0.43
0.000504641648149118,0.05,0.21,0.42
0.000485746248159558,0.05,0.2,0.41
0.000466078956378624,0.05,0.19,0.4
0.000445673380454537,0.05,0.18,0.39
0.000424564736022148,0.05,0.17,0.38
0.000402789788495284,0.05,0.16,0.37
0.000380386925826315,0.05,0.15,0.36
0.000357396093022544,0.05,0.14,0.35
0.000333858857629821,0.05,0.13,0.34
0.000309818380628712,0.05,0.12,0.33
0.000285319467366207,0.05,0.11,0.32
0.000260408509348053,0.05,0.1,0.31
0.000235133567912271,0.05,0.09,0.3
0.000209544326935429,0.05,0.08,0.29
0.000183692107384559,0.05,0.07,0.28
0.000157629856403219,0.05,0.06,0.27
0.000131412101836759,0.05,0.05,0.26
0.000105094906757586,0.05,0.04,0.25
7.87357621447882e-05,0.05,0.03,0.24
5.23934768352774e-05,0.05,0.02,0.23
0,0.05,0,0.21
2.61279697042482e-05,0.05,0.01,0.22
0.000613004463957623,0.05,0.28,0.5
0.000600700979703106,0.05,0.27,0.49
0.000587415008340031,0.05,0.26,0.48
0.000573168086702935,0.05,0.25,0.47
0.000557983425096609,0.05,0.24,0.46
0.0005418858199846,0.05,0.23,0.45
0.000524901639437303,0.05,0.22,0.44
0.000507058881339617,0.05,0.21,0.43
0.000488387086079456,0.05,0.2,0.42
0.000468917351099662,0.05,0.19,0.41
0.000448682301794179,0.05,0.18,0.4
0.000427716149715707,0.05,0.17,0.39
0.000406054634368047,0.05,0.16,0.38
0.0003837350232061,0.05,0.15,0.37
0.000360796140739694,0.05,0.14,0.36
0.000337278339429758,0.05,0.13,0.35
0.00031322349968832,0.05,0.12,0.34
0.000288675058982335,0.05,0.11,0.33
0.000263677990005817,0.05,0.1,0.32
0.000238278807955794,0.05,0.09,0.31
0.000212525548704434,0.05,0.08,0.3
0.000186467776075006,0.05,0.07,0.29
0.000160156563651981,0.05,0.06,0.28
0.000133644436573377,0.05,0.05,0.27
0.000106985322418041,0.05,0.04,0.26
8.02344420662848e-05,0.05,0.03,0.25
5.34482023795135e-05,0.05,0.02,0.24
0,0.05,0,0.22
2.66840047515871e-05,0.05,0.01,0.23
0.000600893865339458,0.05,0.27,0.5
0.000587978633120656,0.05,0.26,0.49
0.000574081685044803,0.05,0.25,0.48
0.000559225416509435,0.05,0.24,0.47
0.000543433779967017,0.05,0.23,0.46
0.000526732328580692,0.05,0.22,0.45
0.000509148158016615,0.05,0.21,0.44
0.000490709942823742,0.05,0.2,0.43
0.000471447878226172,0.05,0.19,0.42
0.000451393672847189,0.05,0.18,0.41
0.000430580555985216,0.05,0.17,0.4
0.000409043284889776,0.05,0.16,0.39
0.000386818079277873,0.05,0.15,0.38
0.000363942657713778,0.05,0.14,0.37
0.00034045624488499,0.05,0.13,0.36
0.000316399513394572,0.05,0.12,0.35
0.000291814605589025,0.05,0.11,0.34
0.000266745148110203,0.05,0.1,0.33
0.00024123620823957,0.05,0.09,0.32
0.000215334301174153,0.05,0.08,0.31
0.000189087346370798,0.05,0.07,0.3
0.000162544674822129,0.05,0.06,0.29
0.000135756967210909,0.05,0.05,0.28
0.000108776179331471,0.05,0.04,0.27
8.16554529592395e-05,0.05,0.03,0.26
5.44489967069239e-05,0.05,0.02,0.25
0,0.05,0,0.23
2.72119204964838e-05,0.05,0.01,0.24
0.000588166440138593,0.05,0.26,0.5
0.000574629448237829,0.05,0.25,0.49
0.000560111569939181,0.05,0.24,0.48
0.000544635957339779,0.05,0.23,0.47
0.000528227305039763,0.05,0.22,0.46
0.000510911908349954,0.05,0.21,0.45
0.00049271757598035,0.05,0.2,0.44
0.000473673608212266,0.05,0.19,0.43
0.000453810833278112,0.05,0.18,0.42
0.000433161563705653,0.05,0.17,0.41
0.000411759581766091,0.05,0.16,0.4
0.00038964013219811,0.05,0.15,0.39
0.000366839878552128,0.05,0.14,0.38
0.000343396954121999,0.05,0.13,0.37
0.000319350903737359,0.05,0.12,0.36
0.000294742661935743,0.05,0.11,0.35
0.000269614567514509,0.05,0.1,0.34
0.00024401034170296,0.05,0.09,0.33
0.000217975062696496,0.05,0.08,0.32
0.000191555136552779,0.05,0.07,0.31
0.000164798279001843,0.05,0.06,0.3
0.000137753442686517,0.05,0.05,0.29
0.000110470784420613,0.05,0.04,0.28
8.30015287647257e-05,0.05,0.03,0.27
5.53978698007995e-05,0.05,0.02,0.26
0,0.05,0,0.24
2.77128224297485e-05,0.05,0.01,0.25
0.000574811972910538,0.05,0.25,0.5
0.000560642860364169,0.05,0.24,0.49
0.000545493690879084,0.05,0.23,0.48
0.000529388315044343,0.05,0.22,0.47
0.000512352198711596,0.05,0.21,0.46
0.000494412342959549,0.05,0.2,0.45
0.000475597218610346,0.05,0.19,0.44
0.000455936758953612,0.05,0.18,0.43
0.000435462388850283,0.05,0.17,0.42
0.000414206995628774,0.05,0.16,0.41
0.000392204856325407,0.05,0.15,0.4
0.000369491659512278,0.05,0.14,0.39
0.000346104483469389,0.05,0.13,0.38
0.000322081803460605,0.05,0.12,0.37
0.000297463418974075,0.05,0.11,0.36
0.00027229046827415,0.05,0.1,0.35
0.000246605406573508,0.05,0.09,0.34
0.00022045196237741,0.05,0.08,0.33
0.000193875130207744,0.05,0.07,0.32
0.000166921126947273,0.05,0.06,0.31
0.000139637319080066,0.05,0.05,0.3
0.00011207217539777,0.05,0.04,0.29
8.42751724121626e-05,0.05,0.03,0.28
5.62966570214485e-05,0.05,0.02,0.27
0,0.05,0,0.25
2.81877200905001e-05,0.05,0.01,0.26
0.000560819898964837,0.05,0.24,0.5
0.000546007941011339,0.05,0.23,0.49
0.000530216668266803,0.05,0.22,0.48
0.000513470702571794,0.05,0.21,0.47
0.000495796266477555,0.05,0.2,0.46
0.000477221008623019,0.05,0.19,0.45
0.000457774032838643,0.05,0.18,0.44
0.000437485905422363,0.05,0.17,0.43
0.000416388618759811,0.05,0.16,0.42
0.000394515569496434,0.05,0.15,0.41
0.000371901493053883,0.05,0.14,0.4
0.000348582485457882,0.05,0.13,0.39
0.000324595988786314,0.05,0.12,0.38
0.000299980732961558,0.05,0.11,0.37
0.000274776735750493,0.05,0.1,0.36
0.000249025270022685,0.05,0.09,0.35
0.00022276879826677,0.05,0.08,0.34
0.000196050994418329,0.05,0.07,0.33
0.000168916682014242,0.05,0.06,0.32
0.000141411761433119,0.05,0.05,0.31
0.000113583146230667,0.05,0.04,0.3
8.54786867421353e-05,0.05,0.03,0.29
5.71470400245744e-05,0.05,0.02,0.28
0,0.05,0,0.26
2.86375361611135e-05,0.05,0.01,0.27
0.000546179304365069,0.05,0.23,0.5
0.000530713296029717,0.05,0.22,0.49
0.000514268715051003,0.05,0.21,0.48
0.000496870961796958,0.05,0.2,0.47
0.000478546928206924,0.05,0.19,0.46
0.000459324888652191,0.05,0.18,0.45
0.000439234609075356,0.05,0.17,0.44
0.000418307216023095,0.05,0.16,0.43
0.0003965752403019,0.05,0.15,0.42
0.000374072536942549,0.05,0.14,0.41
0.000350834263372235,0.05,0.13,0.4
0.00032689688669052,0.05,0.12,0.39
0.000302298132737633,0.05,0.11,0.38
0.000277076942438725,0.05,0.1,0.37
0.000251273486355785,0.05,0.09,0.36
0.000224929066462209,0.05,0.08,0.35
0.000198086105228867,0.05,0.07,0.34
0.000170788134710165,0.05,0.06,0.33
0.000143079691042658,0.05,0.05,0.32
0.000115006258056383,0.05,0.04,0.31
8.66141854203306e-05,0.05,0.03,0.3
5.79505658606649e-05,0.05,0.02,0.29
0,0.05,0,0.27
2.90631160169141e-05,0.05,0.01,0.28
0.000530878780409694,0.05,0.22,0.5
0.000514747152919881,0.05,0.21,0.49
0.000497637694934383,0.05,0.2,0.48
0.000479576556244865,0.05,0.19,0.47
0.000460591225419194,0.05,0.18,0.46
0.000440710653492715,0.05,0.17,0.45
0.000419965188484639,0.05,0.16,0.44
0.000398386509914417,0.05,0.15,0.43
0.000376007628801744,0.05,0.14,0.42
0.000352862814906985,0.05,0.13,0.41
0.00032898761855904,0.05,0.12,0.4
0.000304418812447693,0.05,0.11,0.39
0.000279194347967859,0.05,0.1,0.38
0.000253353326115757,0.05,0.09,0.37
0.000226935975661036,0.05,0.08,0.36
0.000199983565835282,0.05,0.07,0.35
0.000172538413607981,0.05,0.06,0.34
0.000144643800013,0.05,0.05,0.33
0.000116343873742153,0.05,0.04,0.32
8.76836074894527e-05,0.05,0.03,0.31
5.87086515224655e-05,0.05,0.02,0.3
0,0.05,0,0.28
2.94652350021352e-05,0.05,0.01,0.29
0.000514906569151208,0.05,0.21,0.5
0.000498097389936447,0.05,0.2,0.49
0.000480311122373678,0.05,0.19,0.48
0.00046157457109075,0.05,0.18,0.47
0.000441915872215759,0.05,0.17,0.46
0.000421364609792363,0.05,0.16,0.45
0.00039995168481255,0.05,0.15,0.44
0.000377709271560889,0.05,0.14,0.43
0.000354670824890491,0.05,0.13,0.42
0.000330871007463429,0.05,0.12,0.41
0.000306345689750742,0.05,0.11,0.4
0.000281131906376686,0.05,0.1,0.39
0.000255267765169265,0.05,0.09,0.38
0.000228792468988104,0.05,0.08,0.37
0.000201746224774979,0.05,0.07,0.36
0.000174170218087966,0.05,0.06,0.35
0.000146106554893777,0.05,0.05,0.34
0.000117598168799304,0.05,0.04,0.33
8.86887391970959e-05,0.05,0.03,0.32
5.94225975873997e-05,0.05,0.02,0.31
0,0.05,0,0.29
2.98446043416334e-05,0.05,0.01,0.3
0.000498250563396141,0.05,0.2,0.5
0.000480751521536149,0.05,0.19,0.49
0.000462276104371995,0.05,0.18,0.48
0.000442851742263883,0.05,0.17,0.47
0.000422507233452052,0.05,0.16,0.46
0.000401272744056769,0.05,0.15,0.45
0.000379179662559181,0.05,0.14,0.44
0.00035626065073302,0.05,0.13,0.43
0.000332549563609064,0.05,0.12,0.42
0.000308081398543436,0.05,0.11,0.41
0.000282892309769522,0.05,0.1,0.4
0.00025701951017254,0.05,0.09,0.39
0.000230501234909752,0.05,0.08,0.38
0.000203376690478763,0.05,0.07,0.37
0.000175686021975707,0.05,0.06,0.36
0.000147470233059721,0.05,0.05,0.35
0.000118771135021234,0.05,0.04,0.34
8.96312230906915e-05,0.05,0.03,0.33
6.00936027694843e-05,0.05,0.02,0.32
0,0.05,0,0.3
3.0201877507352e-05,0.05,0.01,0.31
0.000480898263049312,0.05,0.19,0.5
0.000462696691101883,0.05,0.18,0.49
0.000443519398686476,0.05,0.17,0.48
0.000423394478275441,0.05,0.16,0.47
0.000402351353841368,0.05,0.15,0.46
0.000380420686269645,0.05,0.14,0.45
0.000357634366082493,0.05,0.13,0.44
0.000334025498887058,0.05,0.12,0.43
0.000309628274408169,0.05,0.11,0.42
0.000284477988316212,0.05,0.1,0.41
0.000258611020399258,0.05,0.09,0.4
0.000232064710871782,0.05,0.08,0.39
0.000204877345822752,0.05,0.07,0.38
0.000177088080818066,0.05,0.06,0.37
0.000148736915434711,0.05,0.05,0.36
0.00011986460594926,0.05,0.04,0.35
9.05125652934657e-05,0.05,0.03,0.34
6.07227666478138e-05,0.05,0.02,0.33
0,0.05,0,0.31
3.0537655675289e-05,0.05,0.01,0.32
0.000462836833321489,0.05,0.18,0.5
0.000443919670942705,0.05,0.17,0.49
0.000424027442932129,0.05,0.16,0.48
0.000403188867494464,0.05,0.15,0.47
0.000381433921575081,0.05,0.14,0.46
0.000358793760824483,0.05,0.13,0.45
0.000335300763254054,0.05,0.12,0.44
0.000310988376440946,0.05,0.11,0.43
0.000285891102976166,0.05,0.1,0.42
0.000260044507740531,0.05,0.09,0.41
0.000233485116041265,0.05,0.08,0.4
0.000206250348128378,0.05,0.07,0.39
0.000178378457349027,0.05,0.06,0.38
0.000149908501043683,0.05,0.05,0.37
0.000120880260510603,0.05,0.04,0.36
9.13341482373653e-05,0.05,0.03,0.35
6.13111005804967e-05,0.05,0.02,0.34
0,0.05,0,0.32
3.08524909087282e-05,0.05,0.01,0.33
0.000444053046521731,0.05,0.17,0.5
0.000424406913225539,0.05,0.16,0.49
0.000403786347305868,0.05,0.15,0.48
0.000382220656319987,0.05,0.14,0.47
0.000359740333806258,0.05,0.13,0.46
0.000336377037456259,0.05,0.12,0.45
0.000312163516355213,0.05,0.11,0.44
0.000287133552774321,0.05,0.1,0.43
0.000261321947618853,0.05,0.09,0.42
0.000234764444030588,0.05,0.08,0.41
0.000207497661904199,0.05,0.07,0.4
0.000179559025127674,0.05,0.06,0.39
0.000150986725202529,0.05,0.05,0.38
0.000121819635751308,0.05,0.04,0.37
9.20972433959832e-05,0.05,0.03,0.36
6.1859531342634e-05,0.05,0.02,0.35
0,0.05,0,0.33
3.11468907057133e-05,0.05,0.01,0.34
0.000424533354816958,0.05,0.16,0.5
0.000404144542699214,0.05,0.15,0.49
0.000382781901862472,0.05,0.14,0.48
0.000360475300112739,0.05,0.13,0.47
0.000337255725753494,0.05,0.12,0.46
0.000313155265757814,0.05,0.11,0.45
0.00028820701118093,0.05,0.1,0.44
0.000262445078988094,0.05,0.09,0.43
0.00023590446653543,0.05,0.08,0.42
0.000208621051569935,0.05,0.07,0.41
0.00018063148309011,0.05,0.06,0.4
0.000151973163156072,0.05,0.05,0.39
0.000122684130474227,0.05,0.04,0.38
9.28030094655696e-05,0.05,0.03,0.37
6.23689084022772e-05,0.05,0.02,0.36
0,0.05,0,0.34
3.14213193632895e-05,0.05,0.01,0.35
0.00040426389023196,0.05,0.15,0.5
0.000383118371246383,0.05,0.14,0.49
0.000360999605618417,0.05,0.13,0.48
0.000337937970471103,0.05,0.12,0.47
0.000313964927045163,0.05,0.11,0.46
0.000289112933387514,0.05,0.1,0.45
0.000263415422523394,0.05,0.09,0.44
0.000236906755162636,0.05,0.08,0.43
0.000209622085094452,0.05,0.07,0.42
0.000181597362825414,0.05,0.06,0.41
0.000152869240992004,0.05,0.05,0.4
0.000123475012514973,0.05,0.04,0.39
9.34524996409891e-05,0.05,0.03,0.38
6.28400084679015e-05,0.05,0.02,0.37
0,0.05,0,0.35
3.16762025249773e-05,0.05,0.01,0.36
0.000383230479201302,0.05,0.14,0.5
0.00036131392698735,0.05,0.13,0.49
0.000338424666551873,0.05,0.12,0.48
0.000314593562507071,0.05,0.11,0.47
0.000289852512651123,0.05,0.1,0.46
0.00026423430244904,0.05,0.09,0.45
0.000237772674154257,0.05,0.08,0.44
0.000210502152185654,0.05,0.07,0.43
0.000182458021299681,0.05,0.06,0.42
0.000153676246554824,0.05,0.05,0.41
0.000124193431474851,0.05,0.04,0.4
9.40466743486468e-05,0.05,0.03,0.39
6.32735373073956e-05,0.05,0.02,0.38
0,0.05,0,0.36
3.19119299092563e-05,0.05,0.01,0.37
0.000361418657121249,0.05,0.13,0.5
0.000338716439728159,0.05,0.12,0.49
0.000315042008878663,0.05,0.11,0.48
0.000290426716674119,0.05,0.1,0.47
0.000264902810158674,0.05,0.09,0.46
0.000238503405853407,0.05,0.08,0.45
0.000211262464290485,0.05,0.07,0.44
0.000183214655407937,0.05,0.06,0.43
0.000154395325807855,0.05,0.05,0.42
0.00012484042053984,0.05,0.04,0.41
9.45864012464881e-05,0.05,0.03,0.4
6.36701379335136e-05,0.05,0.02,0.39
0,0.05,0,0.37
3.21288553095656e-05,0.05,0.01,0.38
0.000338813653797843,0.05,0.12,0.5
0.00031531084823655,0.05,0.11,0.49
0.000290836323983967,0.05,0.1,0.48
0.000265421826043166,0.05,0.09,0.47
0.0002390999434283,0.05,0.08,0.46
0.000211904065508861,0.05,0.07,0.45
0.000183868320164038,0.05,0.06,0.44
0.000155027482833248,0.05,0.05,0.43
0.000125416907394538,0.05,0.04,0.42
9.5072455223999e-05,0.05,0.03,0.41
6.40303906038753e-05,0.05,0.02,0.4
0,0.05,0,0.38
3.23273011417768e-05,0.05,0.01,0.39
0.000315400422550738,0.05,0.11,0.5
0.000291081880277488,0.05,0.1,0.49
0.000265792063146364,0.05,0.09,0.48
0.000239563087234274,0.05,0.08,0.47
0.000212427832593676,0.05,0.07,0.46
0.000184419917786727,0.05,0.06,0.45
0.000155573601659853,0.05,0.05,0.44
0.000125923703308217,0.05,0.04,0.43
9.55055365920998e-05,0.05,0.03,0.42
6.43548146399553e-05,0.05,0.02,0.41
0,0.05,0,0.39
3.25075579894474e-05,0.05,0.01,0.4
0.00029116369842086,0.05,0.1,0.5
0.000266014016233385,0.05,0.09,0.49
0.000239893463003682,0.05,0.08,0.48
0.000212834478588775,0.05,0.07,0.47
0.000184870201337617,0.05,0.06,0.46
0.000156034438987263,0.05,0.05,0.45
0.000126361515867757,0.05,0.04,0.44
9.58862583502196e-05,0.05,0.03,0.43
6.46438775220304e-05,0.05,0.02,0.42
0,0.05,0,0.4
3.26698868775566e-05,0.05,0.01,0.41
0.000266087969066575,0.05,0.09,0.5
0.00024009151456994,0.05,0.08,0.49
0.000213124549190979,0.05,0.07,0.48
0.000185219792911084,0.05,0.06,0.47
0.000156410627823789,0.05,0.05,0.46
0.000126730956253596,0.05,0.04,0.45
9.62151534622535e-05,0.05,0.03,0.44
6.48979903417057e-05,0.05,0.02,0.43
0,0.05,0,0.41
3.28145210914954e-05,0.05,0.01,0.42
0.000240157503867522,0.05,0.08,0.5
0.000213298433664022,0.05,0.07,0.49
0.000185469165444374,0.05,0.06,0.48
0.000156702688400401,0.05,0.05,0.47
0.000127032535601757,0.05,0.04,0.46
9.64926839515101e-05,0.05,0.03,0.45
6.51175114398939e-05,0.05,0.02,0.44
0,0.05,0,0.42
3.29416666318139e-05,0.05,0.01,0.43
0.000213356368476525,0.05,0.07,0.5
0.000185618649993557,0.05,0.06,0.49
0.000156911020894768,0.05,0.05,0.48
0.000127266668641823,0.05,0.04,0.47
9.67192354437429e-05,0.05,0.03,0.46
6.53027473163093e-05,0.05,0.02,0.45
0,0.05,0,0.43
3.30515049427049e-05,0.05,0.01,0.44
0.000185668453923427,0.05,0.06,0.5
0.000157035905431258,0.05,0.05,0.49
0.000127433677334921,0.05,0.04,0.48
9.68951208051294e-05,0.05,0.03,0.47
6.54539553579525e-05,0.05,0.02,0.46
0,0.05,0,0.44
3.31441883645311e-05,0.05,0.01,0.45
0.000157077512994874,0.05,0.05,0.5
0.000127533790873713,0.05,0.04,0.49
9.70205783232814e-05,0.05,0.03,0.48
6.55713474770891e-05,0.05,0.02,0.47
0,0.05,0,0.45
3.32198446812981e-05,0.05,0.01,0.46
0.000127567145682406,0.05,0.04,0.5
9.7095784440171e-05,0.05,0.03,0.49
6.5655082835292e-05,0.05,0.02,0.48
0,0.05,0,0.46
3.3278580303886e-05,0.05,0.01,0.47
9.71208428381942e-05,0.05,0.03,0.5
6.57052778478828e-05,0.05,0.02,0.49
0,0.05,0,0.47
3.33204770868178e-05,0.05,0.01,0.48
6.57220025459537e-05,0.05,0.02,0.5
0,0.05,0,0.48
3.33455918735126e-05,0.05,0.01,0.49
0,0.05,0,0.49
3.33539592247689e-05,0.05,0.01,0.5
0,0.05,0,0.5
